,,GEORGIA,,,,,,
,,,"31.549625687018022, -84.20410464920765","Albany Humane Society, Inc.",https://albanyhumane.org/,kim.alford@swacalbany.org,,
,,,,Angels Among Us Pet Rescue,https://angelsrescue.org/,info@angelsrescue.org,,
,,,,You Lucky Dog Rescue,http://youluckydogrescue.org/,info@youluckydogrescue.org,,
,,,,Athens Canine Rescue,http://athenscaninerescue.com/,rescue@athenscaninerescue.com,,
,,,"33.78194002867689, -84.41020600586285",Atlanta Humane Society,https://atlantahumane.org/,contact@atlantahumane.org,,
,,,"33.806230507036304, -84.08142530347794",Adopt A Greyhound Atlanta,http://greyhounds2.org/?petwalk,adopt@greyhounds2.org,,
,,,,Atlanta Lab Rescue,https://www.atlantalabrescue.com/,info@atlantalabrescue.com,,
,,,"33.835660648870274, -84.47227380330084",Best Friends Animal Society,https://bestfriends.org/atlanta,contactatlanta@bestfriends.org,,
,,,,Furkids and SmallDog Rescue & Humane Society,https://furkids.org/,info@furkids.org,,
,,,,Golden Retriever Rescue of Atlanta,https://www.grra.com/,adoptabledogs@grra.com,,
,,,,"Laskeys Lucky Ones and Volunteers, LLOV",https://llovorg.wordpress.com/,laskeysluckyones@gmail.com,,
,,,"33.88710904442036, -84.2590839708219",LifeLine Animal Project,https://lifelineanimal.org/,info@lifelineanimal.org,,
,,,,Orphan Annie Rescue,https://www.orphanannierescue.org/,info@orphanannierescue.org,,
,,,"34.46135694539183, -84.26260470705293",Big Canoe Animal Rescue,https://www.bigcanoeanimalrescue.org/,bigcanoeanimalrescue@gmail.com,,
,,,"34.979007186484296, -84.07892140703895",Castoff Pet Rescue,https://castoffpetrescue.org/,ssegce@gmail.com,,
,,,"34.90760437745628, -83.90439021032695",Mountain Shelter Humane Society,https://pawsga.org/,contact@pawsga.org,,
,,,"34.86568308771179, -84.30949560800369",Humane Society of Blue Ridge,https://www.humanesocietyofblueridge.org/,humanesociety@humanesocietyofblueridge.org,,
,,,"33.94613785097829, -83.48311496982791",Pawtropolis Helping Paws Rescue,http://www.pawtropolis.com/helping-paws-rescue/adoptables.php,bark@pawtropolis.com,,
,,,"33.940331347251444, -83.49164961509129","Petzone Dog Rescue, Inc.",,petzonedogs@gmail.com,,
,,,"31.25267038958244, -81.44563848001582",Humane Society of South Coastal Georgia,https://hsscg.org/,humanesociety@hsscg.org,,
,,,"34.11887922967817, -84.00917379575213",Cat Rangers,https://www.catrangers.org/,adoptions@catrangers.org,,
,,,"30.911891083216474, -84.10007058986533",Best Friends Dog Rescue,http://www.bestfriendsdogrescue.net/,bestfriendsdogrescue@windstream.net,,
,,,"34.152405618454615, -84.83028395320757",Etowah Valley Humane Society,https://www.etowahvalleyhumane.org/,bryan.canty@etowahvalleyhumane.org,,
,,,,"Cedartown Animal Rescue, Education and Sterilization",http://www.caresga.org/,info.caresga@gmail.com,,
,,,"32.633122920662224, -83.6652383325426",Humane Society of Houston County,https://humanesocietyhoco.org/,general@humanesocietyhoco.org,,
,,,"34.66054496092653, -83.72507505632535",Charles Smithgall Humane Society,https://www.charlessmithgallhumanesociety.org/,smithgallhumanesociety@windstream.net,,
,,,,"Georgia Canine Rescue and Rehabilitation, Inc",https://www.facebook.com/GaCanineRescue/,pittieprotector@yahoo.com,,
,,,"34.03108903972446, -83.24336296729253",Colbert Veterinary Rescue,https://colbertvetrescue.org/,info@colbertvetrescue.org,,
,,,"4900 Milgen Rd Columbus, Georgia, Stati Uniti d'America 31907",Paws Humane Society,https://pawshumane.org/,marketing@pawshumane.org,,
,,,,"Doberman Rescue of Rockdale, Inc",https://www.dobermanrescueofrockdale.com/,cruzmine@comcast.net,,
,,,,Lake Blackshear Dog Rescue,https://www.facebook.com/lakeblacksheardogrescue/,lakeblacksheardogrescue@gmail.com,,
,,,"34.273195079304145, -84.04927846314224",HUMANE SOCIETY OF FORSYTH COUNTY,http://www.forsythpets.org/,shelter@forsythpets.org,,
,,,,Canine Pet Rescue,https://www.caninepetrescue.com/home/,sean@caninepetrescue.com,apply@caninepetrescue.com,
,,,"34.48313613302494, -83.93093743677366",TLC Humane Society,https://www.tlchs.org/,info@tlchs.org,,
,,,"33.94408108522625, -84.90776266022476",Jennifer's Pet Rescue,https://jenniferspetrescue.com/,JPR@jenniferspetrescue.com,,
,,,"33.91341841283305, -84.80142750435252",Kitty Up Cat Rescue,,kittyupcatrescue@gmail.com,,
,,,"34.80258957536991, -84.96031945086874",Humane Society of Northwest Georgia ,https://hsnwga.org/,contact@hsnwga.org,,
,,,,"Humane Animal Resource Team, Inc (HART)",https://www.facebook.com/HARTofMcIntosh,gavoters@darientel.net,,
,,,"34.36447593355851, -84.12363767216318",Dawson County Humane Society,https://dawsoncountyhumanesociety.org/,dawsonhumane@windstream.net,,
,,,,Oakhurst Guinea Pig Rescue,http://www.ogpr.org/,thomas.pederson@ogpr.org,,
,,,"33.731532397574824, -84.19871368148573",PAWS Atlanta,https://pawsatlanta.org/,www.pawsatlanta.org ,,
,,,,Georgia Doberman Rescue,https://www.georgiadobermanrescue.com/,contact@georgiadobermanrescue.com,,
,,,"34.00622637048367, -84.13474816072507",Planned PEThood of Georgia,https://pethoodga.org/,info@pethoodga.org ,,
,,,,Homeward Bound Pet Rescue,https://hbpr.org//,https://hbpr.org//contact.html,,
,,,,CSRA Chihuahua Rescue Inc. ,,Csrachihuahuarescue@gmail.com,,
,,,,Fayette Humane Society,https://fayettehumane.org/,info@fayettehumane.org,,
,,,,"RescueCats, Inc.",https://www.rescuecats.org/home.aspx,rescuecats@hotmail.com,,
,,,,Amal Animal Rescue Foundation,https://www.amalanimalrescuefoundation.org/,shirleybadawi@gmail.com,,
,,,,"Save A Pet, Inc",,saveapetincweb@gmail.com,,
,,,"34.29019799689161, -83.8092021430519",Humane Society of Northeast Georgia,https://humanesocietyofnortheastgeorgia.org/,CustomerCare@HSNEGA.org,,
,,,,"Southern Comfort Animal Rescue, Inc.",https://www.socorescue.com/info/display?PageID=10777,socorescue@yahoo.com,,
,,,,Circle of Friends Animal Society,https://cofas.org/,info@cofas.org,,
,,,"33.464194455458255, -83.24030955765292",Oconee Regional Humane Society,https://www.orhspets.org/,orhs@orhspets.org,,
,,,,Pregnant Dog Rescue,https://www.pregnantdogrescue.org/,info@pregnantdogrescue.org,,
,,,"32.746525671225506, -84.81401775551744",Humane Society of Harris County,https://hsharrisco.org/,example@example.com,,
,,,,Southern Souls Rescue,http://www.southernsoulsrescue.org/index.html,southernsouls@aol.com,,
,,,,"Hart County Animal Rescue, Inc.",https://hartcountyanimalrescue.org/,hartcoanimalrescue@gmail.com,,
,,,,Liberty Humane Shelter,http://libertyhumaneshelter.com/,libertyhumaneshelter@yahoo.com,,
,,,,"Hart County Animal Rescue, Inc.",https://hartcountyanimalrescue.org/,hartcoanimalrescue@gmail.com,,
,,,,Pick of the Litter,http://ourpickofthelitter.com/,ourpickofthelitter@gmail.com,,
,,,,BarkVille Dog Rescue ,https://www.barkvilledogrescue.org/,info@barktowndogrescue.org,,
,,,"34.53193532946583, -84.53415676935225",Pickens Animal Rescue,https://www.pickensanimalrescue.org/,director@pickensanimalrescue.org,,
,,,,Dog Days Rescue,https://www.facebook.com/DogDaysGa/?ref=page_internal,dogdaysrescue@gmail.com,,
,,,"34.03223072185603, -84.60697770763142","Mostly Mutts Animal Rescue and Adoption, Inc.",,info@mostlymutts.org,,
,,,,"Humane Society of Camden County, Inc.",https://humanecamden.org/,hscc@tds.net,,
,,,,Dog Pack Rescue,https://www.facebook.com/dogpackrescue1/,info@dogpackrescue.com,,
,,,,"Bliss Animal Haven, Inc",http://blissanimalhavenpets.blogspot.com/,blissdogs@gmail.com,,
,,,"31.689554651394396, -81.68305450340304","Safe Hollow Animal Sanctuary, Inc.",https://www.facebook.com/SafeHollow2/,safehollow@aol.com,,
,,,,All About Animals Rescue,,allaboutanimalsmacon@yahoo.com,,
,,,,Furever After Rescue,http://www.fureverafterrescue.org/index.html,fureverafterrescuega@gmail.com,,
,,,,"Habitat 4 Hounds, Inc.",https://www.facebook.com/Habitat4Hounds/,attentionh4h@gmail.com,,
,,,,Heart of Georgia Humane Societ,http://www.heartofgahs.org/about.html,adopt@heartofgahs.org ,,
,,,"32.837245493959315, -83.74043810468915",Kitty City Cat Rescue,https://www.kittycitycatrescue.com/,kittycitymacon@yahoo.com,,
,,,,"S.A.F.E. Saving Animals From Euthanasia, Inc ",https://nolitters.org/,info@nolitters.org ,,
,,,"33.56815241057256, -83.48017483533268",Humane Society of Morgan County,https://humanemorgan.org/,info@humanemorgan.org,,
,,,,"Mutt Madd-ness, Inc.",http://www.muttmaddness.org/,info@muttmaddness.org,,
,,,"33.97856207364889, -84.46190415216942",Animals Deserve Better | Paws for Life,https://animalsdeservebetter.org/,kimberly@animalsdeservebetter.org,admin@pawsforlifeusa.org,
,,,"33.96825770649616, -84.41237491950537",Good Mews Animal Foundation,https://www.goodmews.org/,admin@goodmews.org,,
,,,"33.95899067927058, -84.51327271838782",Homeless Pets Foundation,https://homelesspets.com/,https://homelesspets.com/contact-us/,,
,,,"33.948342016616756, -84.53620408536622",Humane Society of Cobb County ,https://humanecobb.com/,info@humanecobb.com,,
,,,"34.06120470728136, -84.52129534265683",Our Pal's Place,,helpanimals@ourpalsplace.org ,,
,,,"33.43412136311623, -84.16214343899506",Henry County Humane Society,https://www.henryhumane.com/,https://www.henryhumane.com/contact-us/,,
,,,,Fancy Feline Rescue of the South,https://www.fancyfelinerescue.org/,FancyFelineResQ@bellsouth.net,,
,,,"33.07209475940905, -83.226858316743",Animal Rescue Foundation,https://animalrescuefoundation.org/,animalrescuefoundationinc@gmail.com,,
,,,,"Save Our Strays, Inc.",https://www.saveourstraysatlanta.com/,info@saveourstraysatlanta.com,,
,,,"31.189944850608715, -83.26820873828396",Hearts To Homes Humane Society Inc.,https://www.hthhs.org/,ashleyskinner@hthhs.org,,
,,,,Georgia Heartland Humane Society,https://www.georgiaheartlandhumanesociety.org/,gaheartland3@yahoo.com,,
,,,"33.40286113650159, -84.79223122662495",Newnan-Coweta Humane Society,https://www.nchsrescue.org/,nchs@nchsrescue.org,,
,,,,The Bullpen Way Station & Sanctuary,http://www.bullpenrescue.org/,bullpenrescue@gmail.com,,
,,,"33.71632369507356, -83.87668193266607",The Lap Cat Rescue & Rehabilitation Inc,https://www.tlcrescueandrehab.org/,tlcrescueandrehab@gmail.com,,
,,,"33.4403240214569, -84.60559210022315",Royal Animal Refuge,https://royalanimalrefuge.org/,contact@royalanimalrefuge.org,,
,,,"32.194176330582046, -81.56495559448891","Georgia Animal Rescue & Defence, Inc",https://www.gardonline.org/,office@GARDonline.org,,
,,,"32.44375951744624, -83.7468515892631",Friends of Perry Animal Shelter,https://www.fopas.org/,friendsofperryanimalshelter@yahoo.com,,
,,,,Georgia Homeless Pets ,https://gahomelesspets.org/,adoptions@gahomelesspets.com,,
,,,,Husky Pack Rescue ,,huskypackrescue@live.com,,
,,,"34.01042552680896, -84.57062477009127",Kitty Angel Rescue,https://kittyangelrescue.org/,info@kittyangelrescueinc@gmail.com,,
,,,"34.29347909163358, -85.22320122505043",Misfit Haven Animal Rescue /Adoption Center Inc.,https://www.facebook.com/dr.nickadams1,misfithavenanimalrescue@yahoo.com,,
,,,"32.01536028898465, -80.97752205581234",One Love Animal Rescue,https://oneloveanimalrescue.com/,info@oneloveanimalrescue.com,karrie@oneloveanimalrescue.com,
,,,,"Save A Life, Inc.",https://www.savealifepets.org/,contact@savealifepets.org,,
,,,,Tabby Tales Rescue,https://tabbytalesrescue.org/,meow@tabbytalesrescue.org,,
,,,,Kudzu Cat Alliance,https://kudzucatalliance.org/,meow@kudzucatalliance.org,,
,,,"31.162112236876872, -81.3856263791519","No Kill Glynn County, Inc.",https://www.nokillglynncounty.org/,NoKillGlynnCounty@gmail.com,,
,,,,Save The Animals Rescue Society of Georgia,https://www.starsgeorgia.com/,starsgeorgia@yahoo.com,,
,,,,"The Humane Society of Statesboro & Bulloch County, Inc.",https://www.statesborohumane.org/,borohumane@gmail.com,,
,,,,TLC Pet Rescue,https://tlcpetrescue.wixsite.com/tlc-pet-rescue-,tlcpetrescue@gmail.com,,
,,,"33.80759819496398, -84.17026266323002",Atlanta Animal Rescue Friends,https://www.aarfatlanta.org/,info@aarfatlanta.org,,
,,,"30.855547635248666, -83.94348141822914",Thomasville-Thomas County Humane Society,https://www.thomasvillehumane.org/,INFO@thomasvillehumane.org,,
,,,"30.837616689678832, -83.95692861348753",Miss Kitty Feline Sanctuary,http://www.misskittysanctuary.com/,misskittysanctuary@gmail.com,,
,,,,2 HANDS SAVING 4 PAWS HUMANE SOCIETY INC,https://www.2handssaving4pawshs.com/,2handssaving4pawshumanesociety@gmail.com,,
,,,"34.81126281968782, -83.41900107268236",Paws4Life Humane Shelter,https://rabunpaws4life.com/,bmcclain@rabunpaws4life.com,,
,,,,D.A.R.E Animal Rescue,http://www.dareanimalrescue.com/,dareanimalrescue@gmail.com ,,
,,,"30.841869848801093, -83.30746341166163",Humane Society of Valdosta,https://www.humanesocietyofvaldosta.org/,info@humanesocietyofvaldosta.org,,
,,,,Pound Puppies 'N Kittens,http://www.ppnk.org/,info@ppnk.org&subject=[ppnk],,
,,,"33.74490200092357, -82.77823711141566",Washington-Wilkes Animal Shelter,https://washingtonwilkesanimalshelter.org/,358wwas@gmail.com,,
,,,"33.88854454566296, -83.4570236142559",Cat Adoption Center at Pet Supplies Plus,https://athenshumanesociety.org/,adopt@athenshumanesociety.org,,
,,,,Old Fella Burke County Animal Rescue,http://oldfella.net/,info@oldfella.org,,
,,,,Alcovy Pet Rescue,https://alcovypet.org/,https://alcovypet.org/contact-us/,,
,,,,Pup & Cat Co.,https://www.pupandcatco.com/,contact@pupandcatco.com,,
,,,,Purr Nation Cat Alliance,https://www.purrnation.org/,adopt@purrnation.org,,
,,,,We Are Rescue,,butlerkristen@yahoo.com,,
,,,,"North Georgia Animal Alliance, Inc.",https://www.northgeorgiaanimalalliance.org/home.html,ngaa.animals@gmail.com,,
,,,,,,,,
,,HAWAII,,,,,,
,,,"20.90418895660502, -156.28200239359288",East Maui Animal Refuge,https://www.eastmauianimalrefuge.org/,admin@eastmauianimalrefuge.org,,
,,,"20.915962344004694, -156.30325886290373",Leilani Farm Sanctuary,https://leilanifarmsanctuary.org/,info@leilanifarmsanctuary.org,,
,,,"20.893358233379363, -156.31158034866624",MPR Maui Pitbull Rescue,https://www.facebook.com/100064887931852/info/,mauipitbullrescue@hotmail.com,,
,,,,CatFriends,https://www.hicatfriends.org/,info@hicatfriends.org,,
,,,,Hawaii Animal Sanctuary,https://hawaiianimalsanctuary.org/, gina@hawaiianimalsanctuary.org,,
,,,,Hawaii Cat Foundation,https://www.facebook.com/hawaiicatfoundation/timeline/,hicatfoundation@gmail.com,,
,,,"21.392106705448338, -157.74356332302895",Hawaii Dog Foundation,https://www.hawaiidogfoundation.org/,info@HawaiiDogFoundation.org,,
,,,,Love A Cat Charity,http://www.loveacatcharity.org/,cathelp@loveacatcharity.org,,
,,,,KAAAWA K9 RESCUE ,https://www.kk9r.org/,info@kk9r.org,,
,,,,KARES - Kohala Animal Relocation and Education Service,https://www.kareshawaii.org/,kareshawaii@gmail.com,,
,,,"21.495961010802635, -158.02517493821813",Oahu SPCA,https://oahuspca.org/,info@oahuspca.org,,
,,,,Poi Dogs and Popoki,https://www.poidogsandpopoki.org/,adoptions@poidogsandpopoki.org,,
,,,,Aloha Ilio Rescue,https://www.alohailiorescue.com/,officeteam@alohailiorescue.com,,
,,,"20.7910660363475, -156.96362329362418",Lanai Cat Sanctuary,https://lanaicatsanctuary.org/,info@lanaicatsanctuary.org,,
,,,,9th Life Hawaii,http://9thlifehawaii.org/site/index.php,http://9thlifehawaii.org/site/Contact-Info.html,,
,,,,Hui Pono Holoholona,https://www.hphhawaii.org/,paws@hphhawaii.org,,
,,,,Feline Foundation of Maui,http://www.mauicats.com/,felinefoundation@yahoo.com ,,
,,,,K9 Kokua,https://www.k9kokua.org/,https://www.k9kokua.org/contact-us,,
,,,"21.424874667939626, -158.17264634330022",The Hawaii SPCA,https://www.thehawaiispca.org/,hawaiispca@gmail.com,,
,,,"20.92293321066122, -156.50508037042417",Hawaii Animal Rescue Foundation,https://hawaiianimalrescue.org/,dawn@harfcenter.org,,
,,,,,,,,
,,IDAHO,,,,,,
,,,"43.59191161667307, -116.2886816240822",Idaho Humane Society Adoption Center,https://idahohumanesociety.org/,info@idahohumanesociety.org ,,
,,,,Idaho Saint Bernard Rescue,https://www.idahosaintbernardrescue.com/,saintrescueidaho@gmail.com,,
,,,"43.5771852464536, -116.29056442385982",Simply Cats,https://simplycats.org/,info@simplycats.org,,
,,,"48.68486788000519, -116.32171699016095","Second Chance Animal Adoption, Inc",https://www.secondchanceanimaladoption.com/, secondchanceanimaladoptionid@gmail.com,,
,,,"43.629789199511045, -116.63360818931622",West Valley Humane Society,https://westvalleyhumanesociety.org/,help@westvalleyhumanesociety.org,,
,,,"44.52408061865082, -114.21161389323359",Heart of Idaho Animal Sanctuary,https://heartofid.org/,hias@custertel.net,,
,,,,Targhee Animal Shelter,,targheeanimalshelter@gmail.com,,
,,,"43.70348691242266, -116.36991696011258",Take Me Home Dog Rescue,https://www.takemehomedogrescue.org/,takemehomedogrescue@gmail.com ,,
,,,"43.892457169443965, -116.50213139284989",Pet Adoption League,https://petadoptionleagueofgc.com/,palofgc@gmail.com,,
,,,"42.935650333329846, -114.72339625909483",Gooding Dog Pound ,https://www.facebook.com/profile.php?id=100068980457350,mkelley@goodingidaho.org,,
,,,"43.509173847517374, -114.33560576418657",Mountain Humane,https://mountainhumane.org/,pets@mountainhumane.org,,
,,,,"Helping Hands Rescue, Inc.",https://helpinghandsrescue.org/,helpinghandsrescue22@gmail.com,,
,,,,MCPAWS Regional Animal Shelter,https://mcpaws.org/shelter/,frontdesk@mcpaws.org,,
,,,,"Happy Jack Cats, Inc",https://www.happyjackcats.org/,happyjackcats@gmail.com,,
,,,"43.605708296245425, -116.38132102540729",Idaho Horse Rescue,https://idahohorserescue.org/,robert@idahohorserescue.org, admin@idahohorserescue.org,
,,,"43.60295698952134, -116.38671498202464",Meridian Canine Rescue,https://meridianrescue.org/,Info@meridianrescue.org,,
,,,,Conrad Strays Cat Rescue and Adoption,http://www.conradstrays.com/,ConradStrays@aol.com ,,
,,,,Animals Need Help of Bear Lake,https://anhbearlake.org/,https://anhbearlake.org/,,
,,,"46.72191770558582, -116.97442051060227",Humane Society of the Palouse,https://www.humanesocietyofthepalouse.org/,hsop@moscow.com,,
,,,"43.58996956206805, -116.58216383514534",Canyon County Pet Haven dba Pet Haven Cat Adoption Center,,ccpethaven@gmail.com,,
,,,"43.55717687024893, -116.57379346293105",Greyhound Rescue of Idaho,http://www.greyhoundrescueofidaho.org/,greytbaby@msn.com ,info@greyhoundrescueofidaho.org,
,,,,Bannock Humane Society Story,https://www.bannockhumanesociety.org/,bhs.idaho@gmail.com,,
,,,,Heaths Haven,https://www.heathshavenrescue.com/,info@heathshavenrescue.com,,
,,,"48.18025561212113, -116.92247861729125",Priest River Animal Rescue & Critters Thrift Store,https://pranimalrescue.org/,pranimalhouse@hotmail.com,,
,,,"43.82342179035082, -111.7949622344216",Four Paws Pet Adoptions Inc,,fourpawspetadoptions@hotmail.com,,
,,,"47.32039107566753, -116.56284769590289",Hopes Haven Animal Shelter,,hopeshaven@smgazette.com,,
,,,,Paws Rescue Inc.,https://pawsrescueinc.com/,pawsrescueinc12@gmail.com,,
,,,,,,,,
,,ILLINOIS,,,,,,
,,,"42.1549860394432, -88.2955877716546",Créme de la Créme Animal Foundation,https://cdlcanimals.org/,cdlcanimals@yahoo.com,,
,,,"37.46782202543683, -89.21729913041116",Paws Place Adoption Center,http://www.pawspaws.org/,pawsplace1@yahoo.com,,
,,,"42.47806263421917, -87.96912129491595",Haven at the Paws Inn,https://www.facebook.com/HavenAtThePawsInn/,havenattheinn.com@gmail.com,,
,,,"42.04760619159393, -87.98561980178836",The Buddy Foundation,https://www.thebuddyfoundation.org/,buddyfoundation@att.ne,,
,,,,Fur Angels Animal Sanctuary,https://furangelsas.com/,furangelsanimalsanctuary@gmail.com,,
,,,"42.12199958907231, -88.17267933511452",Fur Keeps Animal Rescue,https://furkeepsanimalrescue.org/,https://furkeepsanimalrescue.org/,,
,,,"38.50993265896379, -90.01270756720754",Belleville Area Humane Society,https://bahspets.org/,admin@bahspets.org,,
,,,"39.07970075298868, -89.79467397296455",Benld Adopt-A-Pet,https://www.benldadoptapet.org/,aap1@frontiernet.net,,
,,,,Illinois Animal Rescue,http://illinoisanimalrescueinc.org/,info@illinoisanimalrescueinc.org,,
,,,"41.93797278071581, -88.11595424870977",People and Animals in Community Together (PACT) Humane Society,https://www.pacthumanesociety.org/,operations@pacthumanesociety.org,,
,,,,Central Illinois Sheltie Rescue,http://www.illinoissheltierescue.com/,info@illinoissheltierescue.com,,
,,,"40.45986477726591, -88.990424535713",Wish Bone Canine Rescue,https://www.wishbonecaninerescue.org/,wishbone.vettk@gmail.com,,
,,,"41.171483230522654, -87.72718642213081",New Beginnings for Cats,https://www.facebook.com/NEWBEGINNINGSFORCATS/timeline/,newbeginningsforcats@gmail.com,,
,,,,Perfect Paws Animal Rescue,https://perfectpawsanimalrescue.org/,kirstie@perfectpawsanimalrescue.org,,
,,,"41.44242253411251, -88.22327444300946",Making A Difference Rescue,https://makingadifferencerescue.com/,findmeahome2@sbcglobal.net,,
,,,"41.91708763988689, -87.67616324621372",ALIVE Rescue,https://www.aliverescue.org/,info@aliverescue.org,,
,,,,Pal's Place,,palsplace1@hotmail.com,,
,,,"41.891363411538464, -87.63289583002674",The Anti-Cruelty Society,https://anticruelty.org/,marketing@anticruelty.org,,
,,,,Be Fido's Friend,https://www.befidosfriend.org/,info@befidosfriend.org,,
,,,"41.97663684328051, -87.75427875294008",Chicago Canine Rescue,https://chicagocaninerescue.org/,info@chicagocaninerescue.org,,
,,,,Chicago Pet Rescue,https://www.chicagopetrescue.org/,savinganimals@chicagopetrescue.org,,
,,,"41.95409538920279, -87.70655855153132",Famous Fido Rescue,https://famousfidorescue.org/,fido@FamousFidoRescue.com,,
,,,,Feline Friends,http://felinefriendschicago.org/,felinefriendsorg@gmail.com,,
,,,"41.997983730234466, -87.67164979726863",Felines & Canines,https://www.felinescanines.org/,Abby@FelinesCanines.org,,
,,,,German Shepherd Rescue Inc,,GSRescue1@comcast.net,,
,,,"41.93428645519497, -87.69109195354649",Harmony House for Cats,https://hhforcats.org/,info@hhforcats.org,,
,,,,Lovin Life Rescue,,linda@lovinliferescue.org,,
,,,,New Leash On Life - Chicago,http://www.nlolchicago.org/,chicago@nlolchicago.org,,
,,,"41.920997084307686, -87.67302115678538",One Tail at a Time,https://www.onetail.org/,media@onetail.org,allyson.rosenthal@onetail.org,
,,,"41.91781878897352, -87.65872843310531",PAWS Chicago,https://www.pawschicago.org/,info@pawschicago.org,,
,,,"42.008829882458876, -87.69066404181811",Red Door Animal Shelter,https://www.reddoorshelter.org/,info@RedDoorShelter.org,,
,,,"42.01306973891848, -87.6899889763506",Tree House Humane Society,https://treehouseanimals.org/,info@treehouseanimals.org,,
,,,,Kitties For Keeps Rescue,https://kittiesforkeepsrescue.com/,kittiesforkeepsrescue@gmail.com,,
,,,"38.3902938973122, -90.17086511561436",Humane Society of Monroe,https://helpingstrays.org/,info@helpingstrays.org,,
,,,,Assisi Animal Foundation,https://assisi.org/,https://assisi.org/contact/,,
,,,"42.20871424140092, -88.23760345090979",On Angels' Wings Pet Rescue,https://www.onangelswings.org/,jshager@onangelswings.org,,
,,,"42.177572121025314, -88.2864194937043",Purrfect Cat Rescue Inc.,https://www.purrfectcatrescue.com/,deb@purrfectcatrescue.com,,
,,,,R.A.I.N. of Central Illinois Inc.,https://www.facebook.com/RAIN.RESCUE.ILLINOIS/,rainrescue@gmail.com,,
,,,"40.14583934707521, -87.61630579381912",Humane Society of Danville,https://www.danvillehumane.org/,humanesocietyofdanville@gmail.com,,
,,,"41.949885762115336, -88.71480425373073",Tails Humane Society Dog Training Center,https://www.tailshumanesociety.org/,tailshumanesociety@tbc.net,,
,,,"39.882058374973155, -88.93657757645417",Humane Society of Decatur and Macon County,https://hsdmc.org/,admin@hsdmc.org,,
,,,"42.05215166235831, -87.94042225275778",Tarzan's Safe Haven,http://tarzansafehaven.inzerello.com/,tarzansafehaven@gmail.com,,
,,,"41.810007890915244, -87.98050118495387","West Suburban Humane Society, Inc.",https://www.wshs-dg.org/,development@wshs-dg.org,director@wshs-dg.org,
,,,"37.97268338464751, -89.2127340333949",Perry County Humane Society,https://www.perrycountyhumanesocietyil.com/,pchsinfo@yahoo.com,,
,,,"38.79564403372577, -89.87023398322407",Metro East Humane Society,https://www.mehs.org/,info@mehs.org,,
,,,,Effingham Animal Rescue Sanctuary,https://effinghamanimalrescue.com/,https://effinghamanimalrescue.com/contact/,,
,,,"39.09265914508244, -88.61486638299255",Effingham Co. Humane Society,,4paws@effinghamcountyhs.onmicrosoft.com,,
,,,"42.07173816176976, -88.28612600845535",Hoof Woof & Meow Animal Rescue,https://hoofwoofmeow.org/,info@hoofwoofmeow.org,,
,,,"42.31396684120697, -90.24387540242122",Safe Haven Humane Society of Jo Daviess County,https://safehavenforpets.org/,info@safehavenforpets.org,,
,,,,Almost Home Foundation,https://almosthomefoundation.org/,info@almosthomefoundation.org,,
,,,,Chicagoland Eskie Rescue,https://chicagolandeskierescue.com/,ChicagolandEskieRescue@live.com,,
,,,,Community Animal Rescue Effort - CARE,https://carenorthshore.org/,news@carenorthshore.org,,
,,,"42.02618850173799, -87.70643253356191",Evanston Animal Shelter,http://evanstonanimalshelter.net/,EASadoptions@gmail.com,,
,,,,Gateway 4 Paws,https://gateway4paws.org/,gateway4paws@gmail.com,,
,,,,Clay County Animal Rescue & Shelter,https://www.claycountyshelter.com/,admin@claycountyshelter.com,,
,,,,Friends Forever Humane Society,https://www.friendsforeverhs.org/,Petsrus966@hotmail.com,,
,,,,Utopia for Pets,,utopiaforpets@yahoo.com,,
,,,,Henry County Humane Society - Geneseo,http://www.henrycountyhumanesociety.org/,info@henrycountyhumanesociety.org,,
,,,,Home Sweet Home Pet Rescue,http://homesweethomepetrescue.org/,homesweethome9835@gmail.com,,
,,,,"POUND PETS, INC.",https://www.poundpetsinc.com/,poundpetsinc@gmail.com,,
,,,"42.323187469276206, -88.11209768858652",Save-A-Pet Inc,https://www.saveapetil.org/,adoptions@saveapetil.org,,
,,,"38.86559708869686, -89.40352836054281",Bond County Humane Society,,bchs4pets@sbcglobal.net,,
,,,,Wagging Hearts,http://wagginghearts.org/,contactus@wagginghearts.org,,
,,,,Catty Shack,http://cattyshackil.org/index.html,http://cattyshackil.org/contact.html,,
,,,"40.68667429962844, -89.775034704195",Stray Animal Midway Shelter,http://www.samsrescue.org/,samsadoptions@gmail.com,,
,,,,Free Spirit Siberian Rescue,http://www.huskyrescue.org/,freespiritsiberianrescue@gmail.com,,
,,,"42.174228714546416, -87.8191463262975",Tails of Hope,https://www.facebook.com/tailsofhope/,tailsofhope@aol.com,,
,,,"41.822465179852884, -87.92066494729029",Hinsdale Humane Society,https://www.hinsdalehumanesociety.org/,info@hinsdalehumanesociety.org,,
,,,,Chicago Animal Advocates,,chicagoanimaladvocates@gmail.com,,
,,,,Hoopeston Animal Rescue Team,https://hartshelter.org/,hartshelterteam@gmail.com,,
,,,,Open Door Animal Sanctuary,https://odas.org/,office@odas.org,,
,,,,A Heart For Animals,https://aheartforanimals.org/,AHeart4Animals@gmail.com,,
,,,"42.19650300936728, -88.45045852922769",Animal House Shelter,https://www.animalhouseshelter.com/,info@animalhouseshelter.com,,
,,,,Fetching Tails Foundation,https://www.fetchingtailsfoundation.org/,Info@fetchingtailsfoundation.org ,,
,,,,Grahamville Rescue & Sanctuary,https://www.digsk9.org/,digsk9.main@gmail.com,,
,,,"41.51332790477321, -88.13835692557618",Hopeful Tails Animal Rescue,https://hopefultailsanimalrescue.org/,hopefultailsadoptions@outlook.com,,
,,,,Paws Up 4 Rescue,,pawsup4rescue@gmail.com,,
,,,"41.83493132266697, -87.8635451476186",CatNap from the Heart,https://catnapfromtheheart.org/,catnapqueen@yahoo.com,,
,,,"40.990111444540936, -89.40992631493039",The A.R.K. Animal Shelter,https://thearkanimalshelter.org/,https://thearkanimalshelter.org/contact/,,
,,,,CatTailsFelineRescue,,CattailsFelineRescue@gmail.com,,
,,,,Animal Education and Rescue,https://www.aear.org/,Info@aear.org,,
,,,"40.1632527821055, -89.34740963486671",HUMANE SOCIETY OF LOGAN COUNTY,https://www.hslclincoln.org/,shelter@hslclincoln.org,,
,,,"41.89003106511281, -87.99432282542777",Cat Guardians,https://catguardians.org/,info@catguardians.org,,
,,,"42.34680365433479, -88.60334424806733",Glory Bound Rescue Ranch,https://www.gloryboundrr.org/,jenniferfinkelman@yahoo.com,,
,,,,Finding Forever Animal Rescue,http://www.findingforeveranimalrescue.org/,info@findingforeveranimalrescue.org,,
,,,"41.321285311256, -88.67318066786288",Pet Project,,petprojectinc@gmail.com,,
,,,"41.23951515913963, -88.42421260614049",Just Animals Shelter,https://justanimals.org/,adopt@justanimals.org,,
,,,,As Good as Gold – Golden Retriever Rescue of Illinois,https://www.asgoodasgold.org/,info@asgoodasgold.org,,
,,,,Animal Outreach Humane Society ,https://animaloutreachsociety.info/,info@animaloutreachsociety.org,,
,,,,K9s4U Dog Rescue,https://www.k9s4u.org/,info@k9s4u.org,,
,,,,Safe House Animal Rescue League,https://www.safehousepets.org/,safehousepets@gmail.com,,
,,,,Project Hope Humane Society,,info@projecthopehumanesociety.org,,
,,,"41.451588860644826, -90.57850668565966",Quad City Animal Welfare Center,https://qcawc.org/,adoption@qcawc.org,,
,,,"41.544390480105385, -87.8615117093326",NAWS Humane Society of Illinois,https://www.nawsus.org/,jeannine@nawsus.org,,
,,,"41.51328297212945, -90.46872049518568",Animal Aid Humane Society,https://www.molineanimalaid.org/site/,info@molineanimalaid.org,,
,,,"41.17856747105401, -87.64119741311235",RVAR - River Valley Animal Rescue,http://www.rivervalleyanimalrescue.org/,shelter@rivervalleyanimalrescue.org?,,
,,,"41.77896608255265, -88.10682510417685",SPAY ILLINOIS,https://www.spayillinois.org/,info@spayillinois.org,,
,,,"40.922105272016566, -90.6514908577464",Western Illinois Animal Rescue,https://wiarrescue.com/,wiarrescue@yahoo.com,,
,,,"40.02378858975826, -88.57284751666545",Piatt County Emergency Services,http://www.piattanimals.org/,piattanimals@hotmail.com,,
,,,,Illinois Alaskan Malamute Rescue Association,https://www.iamra.org/,ckjstiskc@aol.com,,
,,,,Adopt-A-Pet,https://www.adoptapet-il.org/,adoptapet@comcast.net,,
,,,,Adoptable Friends,https://www.adoptablefriends.org/,info@adoptablefriends.org,,
,,,"42.27715355551698, -88.0195517390546",Reach Rescue,https://www.reachrescue.org/,info@reachrescue.org,,
,,,"37.75593397831693, -89.28053086214399",St Francis Care,https://stfrancis-care.org/,info@stfrancis-care.org,,
,,,"41.77834395310424, -88.21544931263021",A.D.O.P.T. Pet Shelter,https://www.adoptpetshelter.org/,info@adoptpetshelter.org,,
,,,,Angels on Wheels Animal Rescue,,info@angelsonwheels.org,,
,,,"41.79881958304817, -88.19984475303988",Naperville Area Humane Society,https://www.naperhumane.org/,info@naperhumane.org,,
,,,,Treasured Animal Rescue Inc,https://treasuredanimalrescueinc.org/,info@treasuredanimalrescueinc.org,,
,,,"42.01209948576267, -87.80572660638872",WRIGHT-WAY RESCUE,https://wright-wayrescue.org/,rescue@wright-wayrescue.org,,
,,,"40.49715724289426, -89.0326345151916",Pet Central Helps!,https://petcentralhelps.org/,Info@petcentralhelps.org,,
,,,"42.138699942277896, -87.84624387294532",A Refuge for Saving the Wildlife,https://rescuethebirds.org/,https://rescuethebirds.org/contact-us.html,,
,,,"41.83560920296678, -88.02402422379066","Chicagoland Animal Rescue, NFP",https://www.chicagolandanimalrescue.org/,info@chicagolandanimalrescue.org,,
,,,"41.87226246671638, -87.79996383520832",Animal Care League,http://www.animalcareleague.org/,info@animalcareleague.org,,
,,,"38.72680661192297, -88.0989579644723",Humane Society of Olney Area,https://humanesocietyofolney.com/,smithdale1601@gmail.com,,
,,,,All 4 the Love of Cats,,all4theloveofcats@hotmail.com,,
,,,"42.11582772390797, -88.06282637467139","Barb's Precious Rescue & Adoption Center, NFP",http://www.barbspreciousrescue.org/,BarbsRescue@aol.com,,
,,,"40.54303412583123, -89.66672485392944",Tazewell Animal Protective Society (TAPS),https://tapsshelter.org/,tapsinfo@yahoo.com,,
,,,"40.77326086342637, -89.75530246916159",Foster Pet Outreach,https://fosterpetoutreach.org/,fpo_mail@fosterpetoutreach.org,,
,,,,It's a Pittie Rescue,https://rescueapittie.org/,itsapittierescue@gmail.com,,
,,"41.52284335480106, -88.19934587494508","41.77259610092028, -88.00739334157184",Help Save Pets,http://www.helpsavepets.org/,availablepets@gmail.com,,
,,,,K9 Enrichment Initiative-K9EI Rescue,https://k9ei.dog/,info@k9ei.dog,,
,,,,Starfish Animal Rescue ,https://www.starfishanimalrescue.com/,starfishanimalrescuer@gmail.com,,
,,,"40.93459521779587, -88.6714983380931",Livingston County Humane Soc,https://lchumanesociety.dog/,lchumanesociety98@gmail.com,,
,,,"39.9531920841239, -91.35921411183465",Quincy Humane Society,https://www.quincyhumanesociety.org/,adoptpet@adams.net,,
,,,"42.16941563445415, -87.88363529156436",Orphans of the Storm Animal Shelter,https://orphansofthestorm.org/,info@orphansofthestorm.org,,
,,,"41.76799924657655, -89.66668344935877",Happy Tails Humane Society,http://www.happytailsanimalshelter.org/,contact@happytailsanimalshelter.org,,
,,,"42.26861160289922, -89.08838573564013","Noah's Ark Animal Sanctuary, Inc.",http://www.noahsarkanimals.org/,noah@noahsarkanimals.org,,
,,,"42.24812815572687, -88.97453723971358",Paws Humane Society Rockford,https://pawshs.org/,RockfordPaws@gmail.com,,
,,,,Romeoville Humane Society,http://www.romeovillehumanesociety.com/,romeovillehumanesociety@yahoo.com,,
,,,"42.12148379642679, -88.04897215491049",Second City Canine Rescue,https://www.sccrescue.org/,adoptions@sccrescue.org,,
,,,"40.116904749609915, -90.62375712672053",Schuyler County Humane Society,https://schuylerhs.com/,info@schuylerhs.com,,
,,,"41.09027472293645, -87.72430785852437",Kankakee County Humane Foundation,https://www.facebook.com/K3CHF/,k3humanefoundation@gmail.com,,
,,,"42.080872837154445, -90.11508771260179",Heartland Pet Welfare,,heartlandpetwelfareinc@gmail.com,,
,,,"40.09467756551842, -88.24715021622639",CATsNAP,https://www.catsnap.org/,catsnapcats@gmail.com,,
,,,,Chicagoland Dog Rescue,https://chicagolanddogrescue.org/,info@chicagolanddogrescue.org,,
,,,"42.053001356058836, -88.07898240949004",Friendly & Feral Cat Rescue,https://www.friendlyandferalcatrescue.com/contact-us.html,mintzoinkoink@aol.com,,
,,,"41.50648754490491, -88.20043558733593",Will County Humane Society,https://www.willcountyhumane.com/,https://www.willcountyhumane.com/about-us/contact-us/,,
,,,"41.983011723950945, -88.2981988645877",Anderson Humane,https://ahconnects.org/,info@ahconnects.org,,
,,,,Forever Home Feline Ranch,https://felineranch.org/,felineranch@gmail.com,,
,,,"39.842521161430106, -89.63984214110654",Animal Protective League,https://www.apl-shelter.org/,info@apl-shelter.org,,
,,,,H.E.L.P. (Homes for Endangered and Lost Pets),https://www.helpinganimals.org/,info@helpinganimals.org,,
,,,,Hospice Hearts,https://www.hospiceheartsanimalrescue.org/,hospiceheartsanimalrescue@gmail.com,,
,,,"40.101843943295634, -87.64095059970941",Citizens Animal Rescue and Adoption (C.A.R.A.),http://www.caraillinois.com/,info@caraillinois.com,,
,,,"41.543231873600604, -87.81859215668102",P.A.W.S. of Tinley Park,https://pawstinleypark.org/,info@pawstinleypark.org,,
,,,"38.74855761941483, -89.83897239112223",Partners for Pets,https://www.partnersforpetsil.org/,partners4petsadoptions@yahoo.com,,
,,,"38.74295793949198, -89.90365112573886",Spencer Pet Rescue,https://www.spencerpetrescue.org/,spencerkennel@aol.com,,
,,,,Players for Pits,https://www.playersforpits.com/,info@playersforpits.com,,
,,,,HRS Chicago,http://www.hrschicago.org/,info@hrschicago.org,,
,,,,Greater Chicago Ferret Association,https://www.gcfa.com/,https://www.gcfa.com/contact-us/,,
,,,"41.85889627867507, -88.11468094371556",A.R.F.-Animal Rescue Foundation,https://www.arf-il.org/,info@arf-il.org,,
,,,"41.85891040442934, -88.11404368340644",St. Sophia's Forgotten Felines,https://stsff.com/,info.stsff@gmail.com,,
,,,"42.12801062551017, -87.91685335370467",Heartland Animal Shelter,https://www.heartlandanimalshelter.org/,info@heartlandanimalshelter.org,,
,,,,"Animal Rescue Associates, Inc",https://animalrescueofillinois.org/,info@animalrescueofillinois.org,,
,,,,Happy Tails Animal Sanctuary,,happytailsanimalsanctuary@gmail.com,,
,,,"42.2805921212693, -88.41055357779973","Helping Paws Woodstock, IL",https://helpingpaws.net/,info@helpingpaws.net,,
,,,,"Bishops Small Dog Rescue, Inc.",https://bishopssmalldogrescue.webs.com/,bishopssmalldogrescue@hotmail.com,,
,,,"41.24418973240602, -89.90370965658543",Henry County Humane Society,http://www.hchskewaneeshelter.org/,kewaneeshelter@hotmail.com,,
,,,,,,,,
,,INDIANA,,,,,,
,,,,CPR Fund K9 Rescue,https://www.cprfund.com/,info@cprfund.com,,
,,,"40.13842025864376, -85.67552850938107",Madison County Spca Humane,https://www.mchsandersonin.org/,info@mchsandersonin.org,,
,,,,The Nest: Dog Rescue and Rehabilitation,http://inthenest.net/,inthenest@gmail.com,,
,,,"39.75349144074227, -86.38159303921694",Misty Eyes Animal Center,https://www.mistyeyes.org/,Cherie@mistyeyes.org,Renee@mistyeyes.org,
,,,,Purrfect Friends,http://www.purrfectfriendsforadoption.org/,purrfectfriendsforadoption@gmail.com,,
,,,"41.14743003492219, -85.49094045535612",Humane Society of Whitley County,https://hswc.org/,director@hswc.org,,
,,,"40.03284261342897, -86.91796405616286",Animal Welfare League,https://mcawl.com/,shelterpets@mcawl.com,,
,,,"39.761508657010566, -86.46683078854538",Hendricks County Humane Society,http://www.hendrickshumane.org/,info@hendrickshumane.org,,
,,,,Lennoxs Legacy Rescue Inc,https://www.lennoxslegacyrescue.org/,lennoxslegacy@live.com,,
,,,,PAWS of Adams County,https://www.pawsofadamscounty.com/,adamscountyanimals@yahoo.com,,
,,,,I Wanna Go Home Rescue,https://www.iwannagohomerescue.org/,admin@iwannagohomerescue.org,,
,,,,Illiana Rescue,https://illianarescue.org/,https://illianarescue.org/Contact_Us.html,,
,,,,RIVER VALLEY HUMANE SOCIETY ,http://www.rivervalleyhumanesociety.org/,RiverValleyHumaneSociety@gmail.com,,
,,,,Second Chance Small Dog Rescue,https://secondchancesmalldogs.org/,2ndchancesmalldogrescue@gmail.com,,
,,,"37.99877344616702, -87.50161082326161",It Takes a Village No-Kill Rescue,https://itvrescue.org/,info@itvrescue.org,,
,,,,Purrfect Little Paws,,purrfectlittlepawsinc@hotmail.com,,
,,,"39.94054692173893, -86.03237357389145",Humane Society For Hamilton County,https://www.hamiltonhumane.com/,hshc@hamiltonhumane.com,,
,,,,Emilie Beard Foundation for Felines,https://ebfelinerehoming.org/,ebfelinerehoming@gmail.com,,
,,,,Fort Wayne Pit Bull Coalition,https://www.fwpbc.org/,fwpitbullcoalition@gmail.com,,
,,,"41.03834942795376, -85.12767267414505",Humane Fort Wayne,https://humanefw.org/,shelterinfo@humanefw.org,,
,,,,Wags & Wiggles Rescue,https://wagsandwigglesfw.com/,wagsandwigglesfw@gmail.com,,
,,,,"Canine Castaways Rescue, INC",https://www.caninecastawaysrescue.org/,info@caninecastawaysrescue.org? ,,
,,,,Hope Maries Fund,http://hopemarie.org/,general@hopemariesfund.org,hopemariesfund@gmail.com,
,,,"39.53297468418666, -86.0582464970649",Humane Society-Johnson County,https://www.hsjc.org/,hsjc@hsjc.org,,
,,,"39.785630061432634, -85.76711485501792",Hancock County Humane Society,https://www.hancockcountyhumanesociety.org/,hancockcountyhumanesociety@gmail.com,,
,,,"39.80566699900109, -85.76704799615736","P.A.W.S.- Partners for Animal Welfare Society, Inc.",https://www.pawshancock.org/,pawshancock1@gmail.com,,
,,,,Treasured Friends,http://www.treasuredfriendsrescue.org/,treasuredfriendsrescue@gmail.com,,
,,,"41.550881245767854, -87.28138274257954",Feline Community Network,,info@felinecommunitynetwork.org,,
,,,"41.530493382710596, -87.234212389032",Humane Society of Hobart Inc,https://www.hshobart.org/,info@humanesocietyofhobart.org,,
,,,"40.79490840812949, -85.55682786407883",Helping Paws Pet Haven,http://hpph.org/,http://hpph.org/contact,,
,,,"39.804384349126, -86.14438803361955",Cats Haven ,https://www.catshaven.org/,catshavenltd@sbcglobal.net,,
,,,,Far Fetched Dog Rescue,https://www.farfetcheddogrescue.org/,Farfetchedrescue@gmail.com,,
,,,"39.793990814528875, -86.27987942620629",Heaven After Hell Rescue,http://heavenafterhellrescue.org/index.html,http://heavenafterhellrescue.org/contact.html,,
,,,"39.89952270327339, -86.2163770620855",IndyHumane,https://indyhumane.org/,development@indyhumane.org,,
,,,,"House Rabbit Society, Indiana Chapter",https://www.indianahrs.org/,info@indianahrs.org,,
,,,"39.711481190851885, -86.16127761541675",Indyclaw Rescue,http://www.indyclaw.org/,adopt@indyclaw.org,,
,,,"39.88427968575437, -86.06514839509289",Lucky Dog Retreat,https://luckydogretreat.com/,info@ldrrescue.org ,,
,,,"39.67898128689864, -86.18865018075694",Rosies Southside Animal Shelter,https://ssasi.org/,rosie@ssasi.org,,
,,,,Dubois County Humane Society,https://www.duboiscountyhumane.org/,adoptatDCHS@gmail.com,,
,,,"38.28419298266669, -85.73890052488734",Animal Protection Association,https://www.apa-pets.org/,info@apa-pets.org,,
,,,"38.30711364409776, -85.70456765277692",Humane Association,http://www.hacconline.org/,CCHA2702@yahoo.com,,
,,,,Southern Indiana Animal Rescue,https://sianimalrescue.org/,dbs@insightbb.com,,
,,,,"Humane Society of Noble County, Inc",https://www.humanesocietynoblecounty.org/,humanesocietynoblecounty@gmail.com,,
,,,,Pals for Paws Inc.,https://palsforpawsinc.com/,palsforpawshc@aol.com,,
,,,,Redemption German Shepherd Rescue,https://www.redemptionshepherd.com/,redemptionshepherd@gmail.com,,
,,,"41.59791652946412, -85.41351351360076",Ark Animal Sanctuary,https://arkanimalrescue.weebly.com/,lagrangearkanimalsanctuary@gmail.com,,
,,,"40.400120312942484, -86.89619417238858",Almost Home Humane Society,https://www.almosthomehumane.org/,info@almosthomehumane.com,,
,,,"40.40978242667422, -86.81025182113174",Loving Heart Animal Shelter,https://www.lovingheartanimalshelter.org/,lovingheartanimalshelter@gmail.com,,
,,,"40.41702619859651, -86.87884027199885",Natalie's Second Chance No Kill Dog Shelter,https://www.nataliessecondchance.org/,nataliessecondchance@gmail.com,,
,,,,PawSwaP of Greater Lafayette,https://www.pawswapofgreaterlafayette.com/,pawswapofgreaterlafayette@aol.com,,
,,,,Liberty Acres United Rescue Animal Sanctuary,https://libertyacresunited.com/,info@libertyacresunited.com,Stacey@libertyacresunited.com,
,,,"39.0387854189106, -87.19920967986515",Greene County Humane Society Inc.,https://greenecountyhumanesociety.org/,contactus@greenecountyhumanesociety.org ,,
,,,,Tuff Dawgs Rescue,https://tuffdawgsrescue.com/,tuffdawgsrescueoutreach@gmail.com ,,
,,,,Marion-Grant County Humane Society,http://marionhumane.com/,marionhumane@gmail.com,,
,,,"39.42259654832773, -86.4373173556547",Morgan County Humane Society,https://www.mchumanesoc.org/,adoptions@mchumanesoc.org,,
,,,,Red Sky Rescue,,redskyresq@gmail.com,,
,,,"41.70178493518985, -86.82660554661216",Fried's Cat Shelter Inc,https://www.friedscatshelter.org/,friedscat@outlook.com,,
,,,"41.65685181487337, -86.20840228783322",All 4 Animals Rescue,https://all4animalsrescue.org/,all4animalsrescue@gmail.com,,
,,,,Homeward Bound Animal Welfare Group,http://www.homewardboundawg.com/,HomewardBoundAWG@gmail.com,,
,,,"41.682478309240295, -86.18559976079999",Humane Society of St. Joseph County,https://humanesocietystjc.org/,office@humanesocietystjc.org,,
,,,,Pet Refuge,https://www.petrefuge.com/,webmaster@petrefuge.com,https://www.petrefuge.com/contact,
,,,"40.876456985017796, -86.75602227517231",Happy Tails,https://www.facebook.com/HappynTailsAnimalShelterofWhiteCountyIn/,happytails@urhere.net,,
,,,,Four Legged Ranch,https://www.fourleggedranch.com/,4leggedranch@gmail.com,,
,,,,Hope Haven Canine Rescue,,hopehavencanine@hotmail.com,,
,,,"37.943142172139446, -87.85995793914552",Posey Humane Society,https://www.poseyhumane.org/,poseyhumane@gmail.com,,
,,,"40.2331245329401, -85.40182226741713",Animal Rescue Fund,https://www.munciearf.com/,info@munciearf.com,,
,,,"40.22735392136049, -85.47851689015316",Grateful Rescue INC,https://gratefulrescue.org/,Gratefulrescue@gmail.com,,
,,,"41.5435358471461, -87.51732026465884",Humane Indiana,https://humaneindiana.org/,info@humaneindiana.org,,
,,,"39.18868413073664, -86.19268157061849",Brown County Humane Society,https://www.bchumane.org/,info@bchumane.org,,
,,,,Fat Heads Rescue,https://www.fatheads.org/,contact@fatheads.org,,
,,,"39.722483539997114, -85.89208635758001",Frenzy Animal Rescue,http://www.frenzyrescue.com/,ladyindy@comcast.net,,
,,,,P.A.A.W.S. Proving Animals Are Worth Saving,http://www.paaws.org/,paaws@paaws.org ,,
,,,"39.09730165539288, -85.28142123954552",Ripley County Humane Society,https://rchumane.com/,rchumane@netzero.com,,
,,,"40.768359390797556, -86.0603293252949","Scratching Post Cat Rescue, Inc",https://www.scratchingpostcatrescue.com/,shelley@scratchingpostcatrescue.com,,
,,,"38.483703852932, -87.2770054817259",Pike County PAWS,https://www.facebook.com/pikecountypaws/,Pike Animal Welfare Shelter,,
,,,"39.35399927511279, -86.87681354812541",Our Lil' Bit Of Heaven,https://olbhrescue.wpcomstaging.com/,ownedbycaninesandloveit@yahoo.com,,
,,,"41.478393235221915, -87.00519709171604",Lakeshore PAWS,https://lakeshorepaws.org/,general@lakeshorepaws.org,,
,,,"40.415260718505586, -84.98250865551299",Jay County Humane Society,,jbshelter@yahoo.com,,
,,,,"Indiana GSD & Siberian Husky Rescue, Inc",https://www.ismyrescue.org/igsdsh/,jzlawn68@aol.com,,
,,,"39.878333151565194, -84.94037853434413","2nd Chance Animal Rescue of Richmond, Inc",http://www.2ndchancerescueinc.org/,2ndchancerescueinc@gmail.com,,
,,,"39.82881766352803, -84.93098521931249","HELP the Animals, Inc",https://helptheanimalsinc.com/,HelpTHeAnimalsInc@comcast.net,,
,,,,"Last Chance Rescue, Inc",https://www.lcrescue.org/,lastchancerescuecb@gmail.com,,
,,,,Clancys Dream Inc.,https://www.clancysdream.org/,clancysdream@gmail.com,fundraising@clancysdream.org,
,,,,Seventh Heaven Rat Rescue,,seventhheaven41@yahoo.com,,
,,,"39.31597810880423, -86.7330950076216",Owen County Humane Society,https://ochumane.org/,owendogscats@gmail.com,,
,,,"41.4419131608251, -85.76521452023883",New Hope Pet Rescue,https://www.nhprindiana.org/,newhopepetrescue@yahoo.com,,
,,,"41.49308207659273, -87.05566600899598",Begin Again Rescue Co,https://www.teambarc.com/,beginagainrescueco@gmail.com,,
,,,"41.47484443464308, -87.05572518553916",Open Arms Animal Rescue,,theopenarmsanimalrescue@gmail.com,,
,,,,"One Dog at a Time Rescue, Inc.",https://www.odtr.org/,odtr01@gmail.com,,
,,,,"Canine Haven Rescue, Inc",https://www.caninehavenrescue.org/,caninehavenrescueinc@gmail.com,,
,,,"40.010747500627204, -87.0452935191588",Home for Friendless Animals,https://www.facebook.com/hfawaynetown,hfawaynetown@gmail.com,,
,,,,"ALL Creatures Matter Rescue, Inc.",https://allcreaturesmatter.org/,https://allcreaturesmatter.org/contact-us,,
,,,"41.547101747057305, -86.93023910257718",Independent Cat Society,https://www.catsociety.org/,info@catsociety.org,,
,,,"39.961392920626075, -86.37854945638237",Humane Society for Boone County,https://www.hsforbc.org/,hsforbc@gmail.com,,
,,,,Second Chance for Pets Network,https://www.sc4pets.org/,sc4pets@att.net,,
,,,,,,,,
,,IOWA,,,,,,
,,,,Animal Rescue Family,https://animalrescuefamily.org/,info@animalrescuefamily.org,,
,,,"42.07164970555419, -93.89575078472643",Boone Area Humane Society,https://bahs.us/,adopt.bahs@gmail.com,,
,,,,Raccoon Valley Animal Sanctuary & Rescue,https://www.facebook.com/RVASPets/,rvaspets@msn.com,,
,,,"41.54295419351954, -93.59635271165368",Animal Lifeline of Iowa,https://www.animal-lifeline.com/,info@animallifelineia.org,,
,,,,"Animal Rescue of Carroll, Inc",https://www.animalrescueofcarroll.org/,animalrescueofcarroll@yahoo.com,,
,,,"41.96800581250873, -91.68439604912567",DOGS FOREVER,https://dogsforever.org/,info@dogsforever.org,,
,,,"41.95000788459565, -91.71837504095896",Gems Forever,,info@gemsforever.org,,
,,,"41.96224250306105, -91.68631333388214",SAINT Cat Rescue & Adoption Center,https://www.saintiowa.org/,adopt@saintiowa.org,,
,,,"42.01793744215653, -91.62822352362151",Uno's Promise Animal Rescue,https://www.facebook.com/unospromise/,CMEHMEN88@GMAIL.COM,,
,,,"43.05349578250146, -92.66223854823522","PAWS Humane Society (Floyd County, IA)",https://www.pawscharlescity.com/,pawscharlescity@gmail.com,,
,,,,Southwest Iowa Humane Society ,https://www.swihs.org/,SWIHS_1@HotMail.com,newswihs@gmail.com,
,,,"43.14232386345214, -93.34042500454234",Patriots for Pets,https://patriotsforpets.com/,patriotsforpets@yahoo.com,,
,,,,Happy Tales Ranch and Rescue,https://happytalesranchandrescue.wordpress.com/,happytalesiowa@gmail.com,,
,,,,"Muddy Paws Second Chance Rescue, Inc",,muddypaws2chancerescue@yahoo.com,,
,,,,SNAFU Rescue (Short Noses And Friends United Rescue),https://snafurescue.org/,info@snafurescue.org,,
,,,"41.547767458687986, -94.01555394531115",AHeinz57 Pet Rescue and Transport,https://www.aheinz57.com/,adopt57@aheinz57.com,,
,,,"43.27694348185145, -91.72732042122618",Humane Society of NE Iowa,https://www.hsnei.org/,info@hsnei.org,,
,,,"41.542911413956716, -93.59637027018626",Animal Lifeline of Iowa,https://www.animal-lifeline.com/,info@animallifelineia.org,,
,,,,Hope Animal Rescue,http://hopeanimalrescueofiowa.org/,harofiowa@gmail.com,,
,,,,Safe Home Rescue,http://safehomerescue.org/,adoptions@safehomerescue.org,,
,,,,Whispurring Hope Rescue,https://whispurringhoperescue.weebly.com/about.html, whispurringhoperesue@gmail.com ,,
,,,,Wire Fox Terrier Rescue Midwest,http://www.wirefoxrescuemidwest.com/,ccswires@netins.net,,
,,,,Hardin Eldora Animal Rescue Team,,ameow2002@yahoo.com,,
,,,"43.39532869328418, -94.82110586571498",Emmet County Animal Shelter,http://emmetcountyanimalshelter.org/,emmetcountyanimalshelter@live.com,,
,,,,Heavenly Pet Sanctuary ,http://heavenlypet.org/HP/,friends@heavenlypet.org,,
,,,,Noah's Ark Animal Foundation ,https://www.noahsark.org/,director@noahsark.org,,
,,,"42.49813332932369, -94.14741845353501",Almost Home Humane Society of North Central Iowa,https://www.almosthomeiowa.org/,staff@almosthomeiowa.org,,
,,,"40.617686128112055, -91.37367036743018",PAW Fort Madison Animal Shelter,https://pawfortmadison.com/,fortmadisonpaw@yahoo.com,,
,,,,"Hooves and Paws Rescue of the Heartland, Inc.",http://www.hoovespaws.org/,RescueIowa1957@yahoo.com,,
,,,,Otter Creek Animal Shelter,https://www.ottercreekanimalshelter.org/,info@ottercreekanimalshelter.org,,
,,,"42.41616786360061, -91.93837857698136",Wildthunder wildlife and animals rehabilitation,https://www.wildthunderwars.org/,wildthunderwars@gmail.com,,
,,,"41.37190487168021, -93.55797033285702",Kiya Koda Humane Society,https://kiyakoda.com/,Kiyakodahs@gmail.com ,,
,,,"42.52023602332081, -93.26803121721638",Greenbelt Humane Society,http://www.greenbelthumanesociety.org/,GreenbeltHumane@hotmail.com,,
,,,,"PAWS, People for Animal Welfare Society",http://pawsofgreenecounty.org/home.aspx,pawsofgreenecounty@hotmail.com,,
,,,"41.68207427127801, -93.67858439742596",Forever Homes Dog Rescue,https://foreverhomedogs.org/,info@ForeverHomeDogs.org,,
,,,,Marion County Humane Society,https://www.marioncountyhumane.org/,marioncountyhumane@gmail.com,,
,,,,German Shepherd Dog Rescue of Iowa,https://gsdri.org/,info@gsdri.org,,
,,,"41.383113402721214, -91.25227120117354",Iowa Parrot Rescue,http://mikeoso.homestead.com/rescue.html,iaparrotrescue@gmail.com,,
,,,"41.94528353333008, -91.32739397681043",Fur Fun Rescue,https://furfunrescue.org/,rox@furfunrescue.org,,
,,,"42.087708473583476, -90.62687518758871",Jackson County Humane Society,,jchs.ia.office@gmail.com,,
,,,"43.14018464617918, -93.15887552756512",Humane Society of North Iowa,http://www.hsni.org/,hsni@hsni.org,,
,,,"43.34182322637354, -95.1437309449366",Humane Society of Northwest Iowa,https://www.humanesocietyofnwia.com/,hsnwia.info@gmail.com,,
,,!!!!!!!! see site,"42.25925879429538, -91.15745625052759",Animal Welfare Friends,https://animalwelfarefriends.org/,wesavepets@netins.net,shelter@animalwelfarefriends.org,
,,,,C & W's Rustic Hollow Shelter,http://www.rustichollowshelter.org/,cwshelter@wildblue.net,rustichollowshelter@gmail.com,
,,,"41.699305607703344, -93.05329007635713",Paws-N-Claws Iowa,https://www.pnciowa.org/,info@pnciowa.org,,
,,,"41.06669884759189, -92.40053132325555",Heartland Humane Society,https://heartlandhumanesociety.org/,pets@heartlandhumanesociety.org,,
,,,"41.69159200085935, -94.36498130884219",Panora PETS,https://www.panorapets.com/,panora_pets@yahoo.com,,
,,,"41.33763028729588, -93.71740263109652",Second Chance Dog Rescue of Iowa,https://www.secondchancedogrescueofiowa.com/,secondchancedogrescueofiowa@gmail.com,,
,,,,"Last Hope Animal Rescue, Inc",,adoptions@adopthope.org,,
,,,,NOAH'S HOPE ANIMAL RESCUE,https://www.noahshopeanimalrescue.com/,info@noahshopeanimalrescue.com ,,
,,,"41.963433568033196, -92.56039283628732",Tama County Humane Society,https://www.facebook.com/TamaCountyHumaneSociety/info/,tamacountyhumanesociety@yahoo.com,,
,,,"41.77125954814625, -91.13213305060903",Friends of the Animals,https://www.friendsoftheanimalsshelter.com/,friendsoftheanimals52772@gmail.com,,
,,,,Rescue Rehab Rehome ,https://www.rescuerehabrehome.org/,david.rescuerehabrehome@gmail.com ,bark.rescuerehabrehome@gmail.com,meow.rescuerehabrehome@gmail.com
,,,,Cedar Valley Pit Bull Rescue,https://www.cvpbr.org/,cvpitbulls@gmail.com,,
,,,,Waverly Pet Rescue,,waverlypetrescue@mchsi.com,,
,,,"41.58119301036145, -93.7201241907502",Furry Friends Refuge,https://furryfriendsrefuge.org/,adoptions@furryfriendsrefuge.org,,
,,,,Safe Haven of Iowa County,https://www.wesavepets.com/,adoptions@wesavepets.com,,
,,,,,,,,
,,KANSAS,,,,,,
,,,,Forever Home Pet Rescue,,fhpr402@gmail.com,GHEREDJ@GMAIL.COM,
,,,,Rescue Paws ,https://rescuepawsfoundati.wixsite.com/rescuepawsfoundation,rescuepawsfoundation@gmail.com,,
,,,"39.562418755373876, -95.14942611032849",Humane Society of Atchison,https://www.facebook.com/HumaneSocietyOfAtchison/,humanesocietyatchison31@gmail.com,,
,,,,Second Chance Animal Refuge Society (S.C.A.R.S.),https://www.scarsusa.com/,tncummins@aol.com,,
,,,"39.230882677768854, -94.90081961287012",Leavenworth County Humane Society,https://www.lchsinc.org/,LvnCoHS@live.com,,
,,,"39.452673938661604, -98.09255822191218",The Pet Connection,https://www.thepetconnection.net/,melody@thepetconnection.net,,
,,,,"Wichita Pug Rescue, Inc.",http://www.wichitapugrescue.com/,wichitapugrescueks@gmail.com,,
,,,,Bonner Animal Rescue,https://www.bonnerrescue.org/,bonnerrescue@yahoo.com,,
,,,"39.36981661466059, -97.12815831020058","Clay County Animal Rescue & Education Center, Inc.",,ccareshelter@gmail.com,,
,,,,H. Dale Buck Animal Welfare Memorial Fund Inc.,,buckfund@cableone.net ,,
,,,,Fort Scott Paws and Claws Animal Shelter,http://www.fspawsandclaws.org/,info@leespawsandclawsshelter.org,,
,,,,Finney County Humane Society,https://www.adoptgck.com/,adoptgck@gmail.com,,
,,,,Northwest Kansas Animal Shelter,,kypawwash@eaglecom.net,,
,,,,Chasing Tails Rescue,,chasingtailsrescue@cox.net,,
,,,"38.902769093186464, -101.69939400542411",HSHP - Humane Society of the High Plains,https://hshponline.org/,hshp_hays@hotmail.com,,
,,,,Western Plains Animal Refuge,https://www.wparks.org/,wpar@wparks.org,,
,,,"39.12787421201506, -94.7040640947057",Humane Society of Greater Kansas City,https://hsgkc.org/,Info@hsgkc.org,,
,,,"37.6450482055614, -98.10060990711226",Kingman County Humane Society,https://www.kingmancountyhumanesociety.org/,kchs@kingmancountyhumanesociety.org,,
,,,"37.92175742820829, -95.29641291649244",Allen County Animal Rescue Facility,https://www.acarf.org/,adoptions@acarf.org,,
,,,"38.18226653901107, -99.15218133960909","Pawnee County Humane Society, Inc.",https://www.pawneehumane.com/,info@email.com,,
,,,,Leavenworth Animal Welfare Society,https://www.leavenworthanimalwelfaresociety.com/,lawspets@gmail.com,,
,,,,Riverview Rescue,https://www.riverviewrescue.org/,riverviewrescueks@gmail.com,,
,,,"38.96458205448613, -94.73339451608162",Kitty City Kansas,https://kittycityks.com/,kittycityks@aol.com,,
,,,,"Silent Angels Advocate, Rescue & Shelter",,silentangels@wbsnet.org,,
,,,,U had me at Woof Rescue & Adoption Shelter,https://www.facebook.com/RescueDogsRock.net/,rescuedogsrock@outlook.com,,
,,,,Harleys Angels Pet Rescue,,harleysangelspetrescue@gmail.com,,
,,,,Cattails Feline Rescue,https://cattailsks.weebly.com/,thisisdnn@gmail.com,,
,,,,Purple Power Animal Welfare Society,https://www.purple-paws.org/,purplepoweraws@gmail.com,,
,,,,Riley County Humane Society,http://www.rchsks.org/,info@rchsks.org,,
,,,,McPherson County Humane Society,,mcphersonhumanesociety@hotmail.com,,
,,,"39.00906570695574, -94.70020817944193",Great Plains SPCA,https://www.greatplainsspca.org/,info@greatplainsspca.org,Board@greatplainsspca.org,
,,,,Rescue K-911,https://www.k911foundation.com/,rescuek911@yahoo.com,,
,,,,SRL Inc,https://www.savethatdog.com/,savethatdog@hotmail.com,,
,,,"39.0216098306293, -94.66589445107188",Unleashed Pet Rescue,https://www.unleashedrescue.com/,unleashedrescue@gmail.com,,
,,,"38.03967606966337, -97.32191018256489",Caring Hands Humane Society,https://caringhandshs.org/,marketing@caringhandshs.org,,
,,,"38.95319126963027, -94.71964664461478",Purrfect Pets ,https://www.purrfectpets.org/,info@purrfectpets.org,,
,,,"38.6246254237778, -95.22335710185075","Prairie Paws Animal Shelter, Inc.",https://prairiepaws.org/,Info@PrairiePaws.org,,
,,,,New Beginnings Dog Rescue INC,https://newbeginningsdogrescue.com/,newbeginningsdogrescue@hotmail.com,,
,,,,The Rescue Project,https://therescueproject.net/,chatwithtrp@gmail.com,,
,,,,"Wigglebutts Aussie Rescue, Inc.",,wigglebuttsrescue@yahoo.com,,
,,,"37.347286579575105, -95.30448894192564",Proud Animal Lovers Shelter,http://www.palsshelter.com/,pals@wavewls.com,,
,,,,Southeast Kansas Humane Society,https://www.thesekhumanesociety.com/,sekhumanesociety@gmail.com,,
,,,"38.965449737863864, -94.73319619635532","Beak N Wings, Inc.",https://beaknwings.org/,admin@beaknwings.org,,
,,,,Always and Furever Midwest Animal Sanctuary,,info@alwaysandfurever.love,,
,,,"39.03562022820393, -95.72520394146706",Cat Association of Topeka,https://www.topekacat.org/,cats@topekacat.org,volunteer@topekacat.org,
,,,,Saving Death Row Dogs,https://savingdeathrowdogs.rescuegroups.org/,info@savingdeathrowdogs.com,,
,,,"39.32386137270378, -95.46199995808222",Jefferson County Humane Society,https://www.jfcountypets.com/,jfcountypets@gmail.com,,
,,,"37.28993977521566, -97.39952055463233",Wellington Humane Society,https://www.wellingtonhumanesociety.org/,info@wellingtonhumanesociety.org,,
,,,,"Beauties and Beasts, Inc.",https://beautiesandbeasts.org/,bbapplications1@gmail.com,,
,,,,PALS Animal Rescue,http://palsrescue.org/,palsarescue@yahoo.com,,
,,,,Wichita Animal Action League,https://waalrescue.org/,rescue@waalrescue.org,,
,,,,,,,,
,,KENTUKY,,,,,,
,,,,"Ashland Animal Rescue Fund, Inc. ",,ashlandanimalrescuefund@gmail.com,,
,,,"37.7882906465446, -85.67761923548936",Barktown Rescue,https://www.barktownrescue.org/,info@barktownrescue.org,,
,,,"36.860826899376015, -88.26457964098788",Humane Society of Marshall County,https://www.facebook.com/humanesocietyofmarshallcounty/,mchumanesociety@yahoo.com,,
,,,"37.007809659108815, -86.41634582861016",BGWC Humane Society’s ADOPTION CENTER,https://www.bgshelterpets.com/,lorric143@aol.com,,
,,,,Taylor County SPCA,https://www.tgspca.org/,taylorcountyspca@yahoo.com ,,
,,,,Forgotten Felines,https://forgottenfelines40701.org/,forgottenfelines40701@gmail.com,,
,,,"34.80060700785236, -77.50282496912645",Adoption First Animal Rescue,https://www.adoptionfirstanimalrescue.com/kentucky.html,info@adoptionfirstanimalrescue.com,,
,,,,Save Our Shelter Dogs Rescue,,Saveourshelterdogsrescue@yahoo.com,,
,,,,"Kentucky Kitty Cats, Inc. ",https://kykittycats.rescuegroups.org/,Kykittycats@yahoo.com,,
,,,"37.65734199608137, -84.79521518630807",Danville-Boyle County Humane Society,https://www.dbchs.org/,dbchs@bellsouth.net,,
,,,,Willow Creek Sanctuary,https://www.facebook.com/willowcreeksanctuary/,willowcreeksanctuary@roadrunner.com,,
,,,,Molly's Mutts Animal Rescue,,mollysmuttsanimalrescue@yahoo.com,,
,,,,Bun Bun Brigade,https://bunbunbrigade.org/,etownbunbunbrigade@gmail.com,,
,,,,Furgotten Dog Rescue,https://furgottendogrescue.com/,furgottendogrescue@gmail.com,,
,,!!!!!!!! see site,,LUCKY TALES RESCUE,https://www.luckytalesrescue.org/,luckytalesrescue@gmail.com,,
,,,"38.21340356602017, -84.87353865909787",Franklin County Humane Society,https://www.fchsanimals.org/,contact.fchsky@gmail.com ,,
,,,,LIFE House for Animals,https://www.lifehouse4animals.org/,Contactus@lifehouse4animals.org,,
,,,,Menifee County Animal Shelter,https://www.menifeeshelter.com/,menifeeshelter@gmail.com,,
,,,"38.1975640871318, -84.56295223573865",Scott County Humane Society,https://www.sc4paws.org/,schscenter@yahoo.com,,
,,,"36.981529573259415, -85.91430278792969",Animal Shelter-Glasgow Barren,https://brawashelter.org/,brawa.cgreer@gmail.com,,
,,,"37.224232846392255, -87.17656408658627",Humane Society of Muhlenberg,https://www.muhlpets.com/,muhlpets@yahoo.com,,
,,,"37.482353665044904, -86.80890684744985",Bluegrass Humane Society of Kentucky Inc,https://www.facebook.com/BluegrassHumaneSocietyOfKentucky/,bluegrasshumanesociety@yahoo.com,,
,,,"37.79750199430552, -83.42093765586152",Wolfe county Animal Shelter,http://wolfecountyanimalshelter.weebly.com/,Wolfecountyanimalshelter@gmail.com,,
,,,"37.82320428632038, -87.57841508759923",New Hope Animal Rescue Center ,https://www.facebook.com/NewHopeAnimalRescue/,newhopehenderson@gmail.com,,
,,,,Indiana Bulldog Rescue,https://indianabulldogrescue.com/,info@indianabulldogrescue.com,,
,,,,Max’s Hope Pet Rescue,https://maxshope.com/,maxshopepr@gmail.com,,
,,,,Stray Hearts Animal Rescue,,strayheartsanimalrescue@yahoo.com,,
,,,"38.38978888321905, -85.41767526306127",Humane Society of Oldham County,https://www.humanesocietyoldhamcounty.com/,hello@oldhamhumane.com,,
,,,"37.66891396281423, -84.69434205923167","No Place 2 Go Rescue, Inc.",,Rescueme@noplace2gorescue.com,,
,,,"38.039850092719014, -84.85983272634871",Anderson Humane Society,https://andersonhumane.org/,volunteer@andersonhumane.org,,
,,,,Camp Jean,,campjeandw@gmail.com,,
,,,,"Holly's Place Animal Rescue,",https://hollys.org/,victoria@hollys.org,,
,,,,Bluegrass Bully Rescue ,https://www.bluegrassbullyrescue.org/,Bluegrassbullyrescue@gmail.com,,
,,,,Halfway Home Rescue,https://halfwayhomerescue.wixsite.com/halfwayhomerescue,halfwayhomerescue@aol.com,,
,,,"38.056642124562586, -84.50323623161827",Paws 4 the Cause,https://www.paws4thecause.com/,Info@Paws4thecause.com,,
,,,,Animal Shelter Allies,https://www.facebook.com/ASAKentucky/,animalshelterallies@gmail.com,,
,,,,Derby City Dog Rescue,http://www.derbycitydogrescue.org/,derbycitydogrescue@gmail.com,,
,,,"38.25862801612272, -85.60952654049532",GRRAND: Golden Retriever Rescue & Adoption of Needy Dogs,https://grrand.org/,info@grrand.org,,
,,,"38.16249544168713, -85.760459283449",Kentucky Humane Society Sam Swope Pet TLC,https://www.kyhumane.org/,info@kyhumane.org,,
,,,,Kindle and Clowder Institute for Wayward Feline,https://www.kindleandclowder.org/,kindleandclowderadoptions@gmail.com,,
,,,,MisPits and Friends Rescue,https://www.mispitsandfriends.org/,mispitsandfriends@gmail.com,,
,,,,No Kill Louisville,https://www.nokill-louisville.org/,nklouisville@gmail.com,fundraising@nokill-louisville.com,
,,,,The Paw and Feather Plan Inc,https://www.thepawandfeatherplan.com/,thepawandfeatherplan@gmail.com,,
,,,,PBSF Dog Rescue,https://pbsfdogrescue.org/,pitbullsofstfrancis@gmail.com,,
,,,,Save a Life Cat Rescue,https://www.facebook.com/profile.php?id=100075723675502,savealifecatrescue@hotmail.com,,
,,,,Save One Soul,,saveonesoulatatime@gmail.com,,
,,,,Shamrock Foundation,https://shamrockpets.com/,info@shamrockpets.com,volunteer@shamrockpets.com,
,,,,"The Arrow Fund, Inc",https://thearrowfund.org/,info@thearrowfund.org ,,
,,,,"Tier Haven Rescue, Inc",https://tierhaven.rescuegroups.org/,Tierhavenrescue@gmail.com,,
,,,"38.030610827419714, -84.54060506115997","Woodstock Animal Foundation, Inc",http://www.woodstockanimalfoundation.org/,woodstockanimalfoundation@gmail.com,,
,,,"37.339245161451124, -88.01954389109336",Mary Hall Ruddiman Canine Shelter,http://maryhallshelter.blogspot.com/,maryhallshelter@yahoo.com,,
,,,,Saving the Animals of Rowan (STAR) ,http://stardogrescue.org/,star@stardogrescue.org,,
,,!!!!!!!! see site,,ARK - Animal Rescue Kare,https://www.ark4hart.org/,ark4hart@gmail.com,,
,,,"37.77544335676258, -87.14920923512078",Owensboro Humane Society,https://owensborohumane.org/,info@owensborohumane.org,,
,,,,Roby Animal Sanctuary and Cat Rescue,https://www.facebook.com/RobyAnimalSanctuaryAndCatRescue/,Veganprincess1969@gmail.com,,
,,,,SparKy Animal Rescue,https://www.sparkyrescue.com/,info@sparkyrescue.com,,
,,,,Owen County Friends of Animals,http://ocfa.weebly.com/,ocfanimals@gmail.com,,
,,,"37.0969419883909, -88.67385848937657",McCracken County Humane Society,https://mccrackenhumane.org/,info@mccrackenhumane.org,,
,,,"38.21986754128366, -84.2451069005318",PAWS - Paris Animal Welfare Society,http://pawspets.org/,pawsparisky@gmail.com,,
,,,,CatHeads Kitty Rescue Inc,https://catheadskittyrescue.org/index.html,catheadskittyrescue@gmail.com,,
,,,"37.813851562192426, -85.92018062836506",Forever Homes for Paws,https://www.foreverhomesforpaws.org/,info@foreverhomesforpaws.org ,,
,,,"37.74278010306378, -84.28655738143932",Humane Society Animal League,http://www.humanesocietyall.com/,info@humanesocietyall.com,,
,,,,Kentucky Pets Alive,https://www.kypetsalive.org/,Kelly.jedlicki@gmail.com,,
,,,,Shelby County Humane Society,,shelbysociety@hotmail.com,,
,,,,Tyson’s Chance Animal Foundation Inc.,,tysonschance@gmail.com,,
,,,,"Hope for All Pets, Inc. (HAPI)",https://www.hapiky.org/,hopeforallpetsinc@outlook.com,,
,,,,Raising Rogue ,https://www.raisingrogue.org/,RaisingRogue@queencitybulldogrescue.com ,,
,,,"38.050372469902065, -84.74798415095532",Woodford Humane Society,https://www.woodfordhumane.org/,manager@woodfordhumane.org,,
,,,"37.79143426454298, -85.96070173496277",Animal Refuge Center Inc,http://animalrefugecenter.org/,animal_refugectr@hotmail.com,,
,,,"39.0488077436933, -84.47735831340933",Protect 4 Paws Animal Shelter,https://protect4paws.weebly.com/,protect4paws@gmail.com,,
,,,,,,,,
,,LUISIANA,,,,,,
,,,,Don't Be Cruel Animal Rescue and Transport - Sanctuary,https://www.facebook.com/dontbecruelsanctuary/,tnrowell@charter.net,,
,,,,Boudreaux’s Animal Rescue Krewe (B.A.R.K.),http://barkanimalrescue.org/,longj1003@aol.com,,
,,,,Cenla Alliance for Animals,https://www.cenlaallianceforanimals.com/,cenlaallianceforanimals@gmail.com,,
,,,"30.58049482666634, -91.09170348830966",Dante's Hope - Animal Rescue,https://www.danteshope.com/,Danteshoperescue@gmail.com,,
,,,"32.77089531578099, -91.84503654015246",Morehouse Humane Society,https://morehousehumanesociety.com/,morehousehumanesociety21@gmail.com,,
,,,,Animal Protection and Welfare Society - APAWS ,http://www.apawspets.org/about_us.php,info@apawspets.org,,
,,,,Bark and Roll Rescue Companions,https://barkandrollrescuecompanions.com/,barkandrollrescuecompanions@gmail.com,,
,,,"30.39458972871807, -91.03361625058623",Capital Area Animal Welfare Society,https://caaws.org/,caawsmail@yahoo.com,,
,,,"30.432469127680474, -91.05977249697297",Cat Haven,https://www.cathaven.org/,info@cathaven.org,,
,,,,Project Purr,, info@projectpurrbr.org,,
,,,,Second Chance Dog Rescue,http://secondchancedogrescuela.org/,secondchancedogrescuela@gmail.com,,
,,,,"SOS, Save Our Strays",,info@sosrescurbr.org,,
,,,,Plaquemines Animal Welfare Society,https://www.angelfire.com/la3/paws-site/,paws2003@bellsouth.net,,
,,,,Ninna's Road to Rescue,https://www.roadtorescuela.org/,ninnaroadtorescue@gmail.com,,
,,,"30.343842492700947, -92.03589118569805",Acadiana Animal Aid,https://acadianaanimalaid.org/,info@acadianaanimalaid.org,,
,,,,Lafayette Animal Aid,https://www.lafayetteanimalaid.org/,info@lafayetteanimalaid.org,,
,,,,Animal Adoption Society,https://animaladoptionsociety.net/,animaladoptionsociety@yahoo.com,,
,,,"32.08310759522273, -92.10105937788217",Saving Paws of Caldwell ,http://spofc.org/,info@spofc.org,,
,,,,"Avoyelles Animal Welfare Society, Inc. (AAWS)",https://www.avoyellesanimal.org/,info@avoyellesanimal.org,,
,,,"30.459340527207242, -90.0626452955234",Northshore Humane Society,https://www.northshorehumane.org/,rescue@nshumane.org,,
,,,"30.25018170324001, -92.2720064514031",Haseyas New Beginning Animal Rescue,https://haseyasnewbeginningar.com/,estjulien@evennews.net,,
,,,,Second Chance Paws,https://secondchancepaws.org/,secondchancepaws@yahoo.com,,
,,,,Louisiana Lifeline for K-9's Animal Rescue,,louisianalifeline4k9s@yahoo.com,,
,,,"31.631727106619675, -91.55155315932929",Concordia PAWS Rescue Shelter,https://www.facebook.com/concordiapawsrescue/,concordiapawsrescue@gmail.com,,
,,,,Big Sky Ranch/CATNIP Foundation,https://www.bigskyranch.org/,whatsup@bigskyranch.org,,
,,,,Heavenly Dog Paws Sanctuary,https://www.heavenlydogpaws.org/,heavenlydogpaws@outlook.com,,
,,,"30.2533730926774, -90.92056821788334",Rescue Alliance,https://animalrecovery.org/,rescue1@animalrecovery.org,,
,,,,Rockers Rescue -Northwest La,https://www.rockersrescue.org/,rockersrescue@gmail.com,,
,,,,Purrs of Hope Rescue,https://purrsofhope.org/,info@purrsofhope.org,,
,,,,Cane Haven Rescue,https://www.canehavenrescue.com/,canehavenrescue@gmail.com,,
,,,"30.0610998504656, -90.50204205876511",St John Parish Animal Shelter,,r.sance@stjohn-la.gov,,
,,,,Animal Rescue Foundation of Louisiana - ARFLA,https://www.facebook.com/arfla/,arfla.info@gmail.com,,
,,,,Louisiana Husky Rescue Inc.,http://louisianahuskyrescue.com/,admin@louisianahuskyrescue.com,,
,,,,Safe Haven Animal RescuE,https://www.sharerescues.com/,safehavenrescue101@yahoo.com,,
,,,"30.228936696059524, -92.05194190937644",Wild Cat Foundation,https://www.wildcatfoundationla.org/index.html,wildcatfoundationla@yahoo.com,,
,,,,Hobo Hotel for Cats,https://www.hobohotelforcats.com/,hobohotelinc@gmail.com,,
,,,,Lake Charles Pit Bull Rescue,https://lakecharlespitbullrescue.com/,renee@lakecharlespitbullrescue.com,joanna@lakecharlespitbullrescue.com,
,,,,St. Tammany Animal Resource Team (START) ,https://www.startfosters.com/,startcares@hotmail.com,,
,,,,METAIRIE HUMANE SHELTER,https://metairiehumane.org/,metairiehumanejh@att.net,,
,,,,SpayMart,https://spaymart.org/,info@spaymart.org ,,
,,,"32.505663728462146, -92.06195949693989",Humane Society Adoption Center of Monroe,,volunteerinfohsacm@yahoo.com,,
,,,"32.526486491122895, -92.06148767896661",River Cities Humane Society for Cats,https://rivercitiescats.org/,info@rivercitiescats.org,,
,,,,Natchitoches Hope for Paws,,natchitocheshopeforpaws@yahoo.com,,
,,,"30.027755141971912, -91.78360226394796",Angel Paws Adoption Center (Iberia humane society),https://www.angelpawsiberia.com/,https://www.angelpawsiberia.com/contact-us,,
,,,"29.945162991421284, -90.18819792238958",Animal Rescue New Orleans,https://animalrescueneworleans.org/,info@animalrescueneworleans.org,volunteer@animalrescueneworleans.org,
,,,,Bluetails Pet Rescue,https://bluetails.org/,info@bluetails.org,,
,,,,New Orleans Bulldog Rescue,https://www.neworleansbulldogs.com/,neworleansbulldogs@gmail.com,,
,,,,Take Paws Rescue,https://www.takepawsrescue.org/donate,adopt@takepawsrescue.org,,
,,,"29.975519102923727, -90.02721554802763","Villalobos Rescue Center - Life 4 Paws, Inc",https://www.vrcpitbull.com/,info@vrcpitbull.com,,
,,,"29.935689570725753, -90.10332845408801",Zeus' Rescue,https://zeusrescues.org/,zeusrescues@gmail.com,,
,,,,Cenla Cat Project,https://www.cenlacatproject.org/,info@cenlacatproject.org,,
,,,"30.250277499322202, -92.27197217190628",Rayne Animal Shelter,https://haseyasnewbeginningar.com/,estjulien@evennews.net,,
,,,,Raven Woods Animal Sanctuary,http://www.ravenwoodsrescue.org/index.htm,Leila.findahome@gmail.com,,
,,,"32.490299314740895, -92.66611696427061",4 Paws Rescue Inc,https://www.4pawsrescueinc.org/,4pawsruston@gmail.com,,
,,,"32.487415032768034, -93.76130313759329",Humane Society of Northwest Louisiana,https://www.facebook.com/HSNWLA/,rescuehsnwla@gmail.com,,
,,,,Pet Savers of Shreveport,https://www.petsaversshreveport.org/,petsavers@petsaversshreveport.org,,
,,,,Serendipity Pet Rescue of Louisiana,https://serendipitypetrescue.com/,serendipitypetrescue@gmail.com,,
,,,,SHREVEPORT BOSSIER ANIMAL RESCUE,https://www.sbanimalrescue.org/,https://www.sbanimalrescue.org/contact,,
,,,"32.382399354340826, -93.76709185795188",Steve's Snaketuary,,info@snaketuary.com,,
,,,"30.28336784327182, -89.72146805108494",LA DAWG,,ladawg.rescue@gmail.com,,
,,,,The Happy Tail Rescue,https://thehappytailrescue.org/,thehappytailrescue@outlook.com,,
,,,,WFAHS - West Feliciana Animal Humane Society,https://wfahs.org/,wfahsociety@gmail.com,,
,,,,Acadiana Humane Society,https://www.acadianahumane.org/,ahspets@gmail.com,,
,,,,Hail Mary Rescue,https://hailmaryrescue.com/,hailmaryrescue@gmail.com,info@hailmaryrescue.com,
,,,,HOPE (Humane Organization for the Protection and Education) for Animals,https://www.hopeforanimals.com/,kathyhl605@gmail.com,ruthchiasson@bellsouth.net,
,,,,RMAH - Rosie Marie's Animal Haven,https://www.rosiemariesanimalhaven.com/index.html,dana@longneckerrigging.com,,
,,,"30.451262021366603, -90.95608309639559",Rescue Rehome Repeat of South Louisiana,https://www.rescuerehomerepeat.com/,RRRofSouthla@aol.com,,
,,,,Must Luv Dogs Rescue,https://www.mustluvdogs.org/,mustluvdogs.org@gmail.com,,
,,,,,,,,
,,MAINE,,,,,,
,,,"43.91536132250834, -69.81700988411212",A Paw in the Door,https://www.pawinthedoor.org/,pawinthedoow@gmail.com,,
,,,"43.52969932118128, -70.90167582307386",Grammy Rose Dog Rescue and Sanctuary,https://grammyrose.org/,info@grammyrose.org,,
,,,"44.312908749240336, -69.79961622520936",Kennebec Valley Humane Society,https://pethavenlane.org/,customerservice@pethavenlane.org,,
,,,"44.35390369311364, -69.78422756459499",Friends of Maine Greyhound Placement Service,https://www.greyhoundplacement.com/,Greyhoundkennel@roadrunner.com,,
,,,"44.82307152780714, -68.73598650515467",Bangor Humane Society,https://www.bangorhumane.org/,adoption@bangorhumane.org,,
,,,"43.908159974409585, -69.9991478916371",Midcoast Humane,https://midcoasthumane.org/,https://midcoasthumane.org/about/contact-us/,,
,,,,Community Cat Advocates?,https://www.communitycatadvocates.com/,CommunityCatAdvocates@gmail.com,,
,,,"45.17515727142271, -67.27537681849543",PAWS Brave Hearts,,info@pawsbravehearts.org,pawscalais@yahoo.com,
,,,"46.84546372303212, -68.01032255341957",Halfway Home Pet Rescue,https://halfwayhomepetrescue.org/,admin@halfwayhomepetrescue.org,,
,,,"44.58752926058829, -67.93019249304709",The Ark Animal Shelter,https://thearkpets.org/,sheltermanager@thearkpets.org,,
,,,"43.77761824981796, -70.26135419003239",HART of Maine,https://hartofme.org/,info@hartofme.org,,
,,,,Mainely Mutts Animal Rescue,,mainelymutts@gmail.com,,
,,,"44.69056197796568, -70.1216672477376",Franklin County Animal Shelter,https://fcanimalshelter.org/,info@fcanimalshelter.org,,
,,,"47.273335685746964, -68.5892956966802",Paws animal welfare society animal rescue,https://ourvalleypaws.org/,pawsanimalwelfaresocietymaine@gmail.com,,
,,,"44.05387152785383, -70.85642902458595",Harvest Hills Animal Shelter,https://harvesthills.org/,https://harvesthills.org/contact-us/,,
,,,,Long Journey To A New Beginning Animal Rescue,http://journeyanimalrescue.org/,journeyanimalrescue@gmail.com,,
,,,,The Pixel Fund Rescue ,https://www.thepixelfund.org/,contactus@thepixelfund.org,,
,,,,Ark Animal Sanctuary,https://www.facebook.com/arkanimalsanctuary/,arksanctuaryme@gmail.com,,
,,,,Houlton Humane Society ,,animal@pwless.net,,
,,,"43.407419076571564, -70.58638626415603",Animal Welfare Society,https://animalwelfaresociety.org/,info@animalwelfaresociety.org,,
,,,"44.11807138523185, -70.20846934569417",Greater Androscoggin Humane Society,https://gahumane.org/?doing_wp_cron=1690903766.4697411060333251953125,info@gahumane.org,,
,,,,"New England Lab Rescue, Inc. ",https://www.newenglandlabrescue.com/,nelr@newenglandlabrescue.com,,
,,,,Maine Coast Animal Rescue,https://www.mainecoastanimalrescue.com/,mainecoastanimalrescue670@gmail.com,,
,,,,Responsible Pet Care of Oxford Hills,,responsiblepetcare@yahoo.com,,
,,,,"Animal Orphanage (Old Town, Maine)",https://www.facebook.com/AnimalOrphanageMaine/,animalorphanage8777@gmail.com,,
,,,"44.206984425420345, -69.08565376639413",PAWS Animal Adoption Center,http://www.pawsadoption.org/,peteypaws@pawsadoption.org,,
,,,"44.74706149099332, -69.69864762760866",Somerset Humane Society Animal Shelter ,http://shsanimalshelter.com/,frontdesksomerseths@gmail.com,,
,,,,Almost Home Rescue,https://www.almosthomerescue.net/,info_ahr@yahoo.com,Secretary_AHR@Yahoo.com,
,,,,Pittie Posse Rescue & Sanctuary,https://pittieposserescue.com/,pittieposse@gmail.com,,
,,,"44.08858320432341, -69.14301753851967",Pope Memorial Humane Society,https://www.popehumane.org/,kasey@popehumane.org,,
,,,"44.50124950957402, -68.38463285709823",SPCA of Hancock County,https://www.spcahancockcounty.org/,info@spcahancockcounty.org,,
,,,"44.52230429500155, -69.69689040381525",Humane Society Waterville Area,https://hswa.org/,info@hswa.org,,
,,,,Safe Haven Adoption Center ,https://www.safehavenhumanesociety.org/,info@safehavenhumanesociety.org,,
,,,"43.66535138142181, -70.34798181028445",Animal Refuge League of Greater Portland,https://arlgp.org/,https://arlgp.org/contact/contact-arlgp/,,
,,,"44.33441782954888, -69.89428028407873",PALS No-Kill Cat Shelter,https://palscatshelterwinthrop.com/,palsnokillshelter@yahoo.com,,
,,,,,,,,
,,MARYLAND,,,,,,
,,,,Shadow Cats TNR,https://shadowcatstnr.org/,info@shadowcatstnr.org,marketing@shadowcatstnr.org,
,,,"39.57385000106087, -79.33468342329049","HART for Animals, Inc.",https://www.hartforanimals.org/,info@hartforanimals.org,,
,,,,Cats R Us,,info@catsrusrescue.org,,
,,,,"Patuxent Animal Welfare Society, Inc. (PAWS)",,mdpawspet@hotmail.com,,
,,,,All Shepherd Rescue,https://www.allshepherdrescue.com/,adoptions@allshepherdrescue.com,,
,,,,Animal Allies Rescue Foundation (AARF),https://animalalliesrescue.org/,info@animalalliesrescue.org,,
,,,"39.44629280865006, -76.86448622841309",Baltimore Humane Society,https://bmorehumane.org/,shelter@bmorehumane.org,,
,,,,"Lucky Cat Rescue, Inc.",https://luckycatrescue.com/,Luckycatrescue11@msn.com,,
,,,"39.32726271221872, -76.63425213100984",Maryland SPCA,https://www.mdspca.org/,cchmielewski@mdspca.org,,
,,,,"Wings of Love, Kuwait ",https://www.wingsoflovekuwait.com/,adopt@wingsoflovekuwait.com,,
,,,,Community Cats Coalition,https://communitycatscoalition.com/,communitycatscoalition@gmail.com,,
,,,"38.304525419568506, -75.13270788614248",Worcester County Humane Society,https://worcestercountyhumanesociety.org/,Savinganimals@worcestercountyhumanesociety.org,,
,,,"38.51705693272078, -76.02299853936174",Baywater Animal Rescue,https://www.baywateranimalrescue.org/,info@baywateranimalrescue.org,,
,,,,Mabel's Orphaned Angels Rescue,https://www.savemoarlives.org/,MabelsAngels@gmail.com,,
,,,,Paws for Life,https://pawsforlife.org/,ginny@pawsforlife.org ,,
,,,,Rural Dog Rescue,https://www.ruraldogrescue.com/,info@ruraldogrescue.com,,
,,,"39.25635001385004, -76.08235314808302",The Animal Care Shelter for Kent County,https://acskc.org/,info@acskc.org,,
,,,,Howard County Cat Club,http://www.howardcountycats.org/,howardcountycats@earthlink.net,,
,,,,"Tara's House Animal Rescue, Inc.",https://tarashouse.org/,info@tarashouse.net,,
,,,,The Ferret Inn,https://www.facebook.com/profile.php?id=100064010981844,ferretpassion@verizon.net,,
,,,"39.666742077383375, -78.7652611338005",Allegany County Animal Shelter,https://alleganyanimalshelter.org/,info@ashelterofhope.com,,
,,,"39.67637583469077, -78.73191584908838",Charm City Animal Rescue,http://charmcityanimalrescue.com/,http://charmcityanimalrescue.com/,,
,,,,"HOTE - Heart of the Earth Sanctuary and Rescue, Inc ",,heartoftheearthrescue@gmail.com,,
,,,"38.437160786853724, -75.47902786220232",The Good Shepherd Cat Sanctuary,http://thegoodshepherdcatsanctuary.com/,thegoodshepherdcatsanctuary@yahoo.com,,
,,,,Hill Hounds Rescue And Animal Sanctuary?,https://www.hillhounds.org/,contact@celebratingpugs.com,,
,,,,Key to Lion’s Heart Rescue,https://www.keytolionsheart.org/,info@keytolionsheart.org,,
,,,,"Pardoned Paws Rescue, Inc.",https://pardonedpawsrescue.org/,nfo@pardonedpawsrescue.org,,
,,,,Almost Home Dog Rescue,https://almosthomedogs.org/,joan@almosthomedogs.org,,
,,,"39.28057427461696, -76.86618498976506",Small Miracles Cat & Dog Rescue,https://www.smallmiraclesrescue.org/,info@smallmiraclesrescue.org,,
,,,"39.54395391538681, -76.47198000860529","Fallston Animal Rescue Movement, Inc.",https://fallstonanimalrescue.org/,info@fallstonanimalrescue.org,,
,,,"39.40744622310901, -77.38989224811257",Animal Welfare League of Frederick County ,https://awlfc.org/,info@awlfc.org,,
,,,,Friends For Life Cat Rescue,https://www.friendsforlifecatrescue.org/,friendsforlifecatrescue@gmail.com,,
,,,"39.14314876141824, -77.1952247187094","Animal Welfare League of Montgomery County, MD (AWLMC)",https://awlmc.org/,info@awlmc.org,,
,,,,"Friends of Montgomery County Animals, Inc",http://new.fmca.org/,info@fmca.org,,
,,,"38.29747465402969, -76.51132051172651","Feral Cat Rescue, Inc",http://www.feralcatrescuemd.org/,info@feralcatrescuemd.org,,
,,,,Partnership for Animal Welfare,https://paw-rescue.org/,outreach@paw-rescue.org,fundraising@paw-rescue.org,
,,,,For Otis Sake ,https://forotissake.org/,forotissake@gmail.com,,
,,,,New Chances Rescue and Sanctuary,https://www.newchancesrescue.com/,newchancesforhope@gmail.com,,
,,,,Pugh Zoo Rescue,,pughzoorescue@gmail.com,,
,,,,The Hero Rescue,https://theherorescue.com/,theherorescue@gmail.com,,
,,,,Lonely Hearts Animal Rescue,https://www.lonelyheartsanimalrescue.org/,lharinfo@gmail.com,,
,,,,Sunshine's Friends Cat and Dog Rescue,https://sunshinesfriends.org/,info@sunshinesfriends.org,,
,,,,St. Marys Animal Welfare League,http://www.smawl.org/,info@smawl.org,,
,,,,Homeward Bound Schnauzer Rescue,https://www.hbschnauzerrescue.com/,https://www.hbschnauzerrescue.com/contact-us/,,
,,,,Rude Ranch Animal Rescue,https://www.ruderanch.org/,info@ruderanch.org,communications@ruderanch.org,
,,,,"So Many Whiskers, Inc.",https://www.somanywhiskers.org/,adoptsmw@gmail.com,,
,,,,Pet Rescue of Maryland,https://www.petrescueofmd.org/,info@petrescueofmd.org,,
,,,,"Small Angels Rescue, Inc.",https://www.smallangelsrescue.org/,info@smallangelsrescue.org,,
,,,,Alley Cat Rescue Inc.,https://www.saveacat.org/,ACR@saveacat.org,,
,,,,"Pets-4-Pets Cat Rescue, Inc.",https://pets-4-pets.rescuegroups.org/,pets4pets@gmail.com,,
,,,,Chesapeake Feline Association,https://www.chesapeakefelineassociation.org/,Info@chesapeakefeline.org,,
,,,,"Passport Animal Rescue, Inc.",https://passportanimalrescue.org/,info@passportanimalrescue.org,,
,,,,"The Ark of Hope Rescue, Inc. ",https://arkofhoperescue.org/,arkofhoperescue@yahoo.com,,
,,,,The Feline Rescue Association ,https://www.baltimorecats.org/,baltimorecats@gmail.com,,
,,,"39.1548220279707, -76.51736951325893",Rise Above Animal Rescue & Sanctuary,https://riseaboveanimalrescue.com/,RiseAboveAnimalRescue@gmail.com,,
,,,"39.52228989996055, -76.5761467687358",Defenders of Animal Rights,https://www.adopt-a-pet.org/,feedbackdoar@gmail.com,,
,,,,Keller's Cause,https://www.kellerscause.com/,doublemerleinfo@gmail.com,,
,,,,Friends of Feline,https://fofcats.com/,questions@fofcats.com,,
,,,,PetConnect Rescue,https://www.petconnectrescue.org/,info@petconnectrescue.org,,
,,,"38.558703729430555, -76.60401141850235",Calvert Animal Welfare League,http://www.cawlrescue.org/,Cawl@comcast.net,,
,,,,Animal Welfare League Queen Anne's County,http://www.awlqac.org/,info@awlqac.org,,
,,,"39.46776492498074, -76.82931427555279",Association for Animal Rights Inc.,,animals4me2@verizon.net,,
,,,"39.135798270787575, -76.23486086950149",Eastern Shore Rabbit Rescue and Education Center,https://www.esrrec.org/,info@esrrec.org,,
,,,,LOVEPAWS,https://lovepawspg.org/,lovepawspg@gmail.com,,
,,,"39.08264640464331, -77.14350762489853",Montgomery County Humane Society,https://www.mchumane.org/,mchs@mchumane.org,,
,,,,"Potomac Stray Cat Rescue, Inc.",https://potomacstraycats.tripod.com/news.htm,Pstraycats@aol.com,,
,,,,"PurrHaven, Inc.",http://www.purrhaven.org/,purrhaven@gmail.com,,
,,,"38.332575387296686, -75.51023487112234",Humane Society of Wicomico County,https://www.wicomicohumane.org/,hswc@wicomicohumane.org,,
,,,,Saving Grace Animal Rescue of Maryland,https://www.savinggraceanimalrescuemd.com/,info@savinggraceanimalrescuemd.com,,
,,,"39.11249203568978, -76.68533807074655",Senior Dog Sanctuary of Maryland ,https://www.seniordogsanctuary.com/,bkerley@sdsanctuary.com,,
,,,,Lizzys Lodge ,https://www.lizzyslodgerescue.org/,lizzyslodgerescue@gmail.com,,
,,,"38.95365685638727, -76.08825008091424",Chesapeake Cats and Dogs (CCAD),https://www.chesapeakecatsanddogs.org/,info@chesapeakecatsanddogs.org,,
,,,"38.6512361409382, -76.56741117577286",Humane Society of Calvert County,https://humanesocietyofcalvertcounty.org/,https://humanesocietyofcalvertcounty.org/contact-us,,
,,,"38.61147581156987, -76.91585625977686",The Humane Society of Charles County,https://humanesocietycc.org/,info@humanesocietycc.org,,
,,,"38.6428820274414, -77.01228069638518",Last Chance Animal Rescue,https://www.lastchanceanimalrescue.org/,savinglives@lastchanceanimalrescue.org,,
,,,,Montgomery County SPCA,http://www.mcspca.org/default.asp,webmaster@mcspca.org,,
,,,,Cocker Spaniel Adoption Center,https://cockeradoptions.org/,information@cockeradoptions.org,,
,,,,Double Dog Dare Rescue,https://doubledogdarerescue.org/,info@dddrescue.org,,
,,,,Reach Out Rescue & Resources,https://www.reachoutrescue.org/,rorrcanine@gmail.com,rorrfeline@gmail.com,
,,,,The Humane Way Animal Rescue ,https://thehumanewayanimalrescue.org/,thehumanewayrescue@gmail.com,,
,,,,"Rescue Angels of Southern Maryland, Inc.",https://www.rescueangelssomd.com/,rescueangelssomd@gmail.com,,
,,,,S&K Feline Furbabies Rescue Inc.,https://www.skfelinefurbabiesrescue.com/,skfelinefurbabiesrescueinc@gmail.com,,
,,,,,,,,
,,MASSACHUSETTS,,,,,,
,,,,Center for Animal Rescue and Education,https://www.caresouthcoast.com/,Caresouthcoast1@gmail.com,,
,,,,"Feline Friends, Inc",https://felinefriendsinc.org/,info@felinefriendsinc.org,,
,,,,"GREAT DOG RESCUE NEW ENGLAND,",https://www.gdrne.com/,info@gdrne.com,,
,,,"42.2577666638531, -71.42509025330794",MetroWest Humane Society,https://metrowesthumanesociety.org/about.html,mwhspaw@yahoo.com,,
,,,,Attleboro Friends of Cats,https://www.friendsofcats.net/,friendsofcats@yahoo.com,,
,,,,Friends of Attleboro Animal Shelter,https://faaspets.org/,AttleboroPets@hotmail.com,,
,,,,Bosler Humane Society,https://www.boslerhs.org/,https://www.boslerhs.org/contact.html,,
,,,,Whiskers of Hope,https://whiskersofhope.org/,whiskersofhope@gmail.com,,
,,,,RUFF Tales Rescue,https://www.rufftalesrescue.org/,info@rufftalesrescue.org,,
,"41.77556996536934, -70.01258328664214","42.26535169413716, -71.18395826651097","42.347054118176224, -71.06976827480136",Animal Rescue League of Boston ,https://www.arlboston.org/,info@arlboston.org,,
,,,,Black Cat Rescue,https://blackcatrescue.com/,info@blackcatrescue.com,,
,,,,Last Hope K9 Rescue,https://www.lasthopek9.org/,info@lasthopek9.org,,
,,,"42.32302293807143, -71.1106245715234",MSPCA Animal Care and Adoption Center,https://www.mspca.org/,publicrelations@mspca.org,giving@mspca.org,
,,,,Cavalier Alliance,http://www.cavalieralliance.org/,cavalieralliance2014@gmail.com,,
,,,,Animal Rescue Merrimack Valley,https://armv.org/,adoption@armv.org,,
,,,"42.34193584170711, -71.16763138373875",Gifford Cat Shelter ,https://www.giffordcatshelter.org/,giffordcats@giffordcatshelter.org,,
,,,,Here Today Adopted Tomorrow Animal Sanctuary,https://www.heretodaysanctuary.org/,smudge@heretodaysanctuary.org,,
,,,,"Cat Canton Rescue, Inc.",https://catcantonrescue.org/,catrescue@catcantonrescue.org,,
,,,,"Norfolk County Humane Society, Inc.",https://www.facebook.com/profile.php?id=100064387941863,helynspierdowis@gmail.com,,
,,,,NESAA (New England Society for Abandoned Animals),https://www.nesaa.org/,help@nesaa.org,,
,,,,Happy Tails Pet Rescue ,https://www.happytailspetrescue.org/,info@happytailspetrescue.org,,
,,,,Halfway Home Cat Rescue Inc,,Halfwayhomecatrescueinc@gmail.com,,
,,,,"Animal Advocates, Inc. Nonprofit Spay/Neuter Assistance Program.",https://www.facebook.com/profile.php?id=100064614582700,animaladvocates@comcast.net,,
,,,,Odies Place Animal Rescue,https://www.facebook.com/OdiesPlaceSanctuary/,odiesplace508@gmail.com,,
,,,"42.05402336355888, -71.75587207358701",Dog Orphans Humane Society,https://dogorphans.com/,Info@DogOrphans.com,,
,,,"42.06045803440738, -70.74741883696473",Standish Humane Society - By Appointment Only,https://www.standishhumane.org/,standishhumane@comcast.net,,
,,,,A Helping Paw Humane Society,https://www.ahelpingpaw.org/,ahelpingpaw@aol.com,,
,,,,Second Chance Animal Services,https://www.secondchanceanimals.org/,info@secondchanceanimals.org,,
,,,,People for Cats,https://peopleforcats.org/,info@peopleforcats.org,,
,,,,Massachusetts Humane Society Inc.,http://masshumane.org/,masshumane@aol.com,,
,,,"41.3953168989377, -70.5327072866311",Animal Shelter of Martha's Vineyard,https://www.animalshelterofmv.org/,ldawley@animalsheltermv.org,ghealy@animalshelterofmv.org,
,,,"41.70902751332936, -71.15592793250467",Faxon Animal Care & Adoption Center,http://arlfr.com/,info@faxonarl.org,,
,,,"41.667720915443226, -71.17023689541158",Forever Paws Animal Shelter,https://www.foreverpaws.com/,fpas1@ForeverPaws.com,,
,,,,"PittieLove Rescue, Inc.",https://pittieloverescue.org/,info@pittieloverescue.org,,
,,,"42.620799773550026, -70.7149380882462",Cape Ann Animal Aid,https://www.capeannanimalaid.org/,info@capeannanimalaid.org,,
,,,"42.76278075166905, -71.03276022346593",Sweet Paws Rescue ,https://www.sweetpawsrescue.org/,info@sweetpawsrescue.org,socialmedia@sweetpawsrescue.org,
,,,"42.24720641401946, -71.52509857642258",Baypath Humane Society,https://baypathhumane.org/,adopt@baypathhumane.org,,
,,,,Cat Rescue of Marlborough and Hudson,https://www.carmah.org/,info@carmah.org,,
,,,Hull Seaside Animal Rescue,,https://www.hsar.org/,info@hsar.org,,
,,,,In Honey's Memory,http://www.inhoneysmemory.org/,Anna@inhoneysmemory.org,,
,,,,The Ipswich Humane Group,http://www.ipswichhumanegroup.org/,ipswichhumanegroup@gmail.com,,
,,,,Second Chance Shelter for Cats,https://www.facebook.com/profile.php?id=100064401985367,secondchanceshelterforcats@gmail.com,,
,,,,Volunteer Humane Society,https://www.facebook.com/profile.php?id=100064679377564,catshelter@hotmail.com,,
,,,,Northeast Coonhound Rescue,https://necoonhoundrescue.org/,necoonhoundrescue@gmail.com,,
,,,,The Pat Brody Shelter for Cats,,pbs@catsontheweb.org,,
,,,"42.50067748102341, -70.86330093829213",Friends of Marblehead's Abandoned Animals,https://marblehead-animal-shelter.org/,https://marblehead-animal-shelter.org/contact,,
,,,,New England Brittany Rescue,https://www.nebrittanyrescue.org/,clyk9s@gmail.com,,
,,,,Marty's Cat Rescue a Non-Profit Corporation,,martyscatrescue@gmail.com,,
,,,"42.190354188004875, -71.33317650081118",Medfield Animal Shelter,https://www.medfieldshelter.com/,info@medfieldshelter.com,,
,,,,Kitty Connection,https://www.kittyconnection.net/,kc@kittyconnection.net,,
,,,,Purr-fect Cat Shelter,https://www.purrfectcatshelter.org/,Purrfectcatshelter@yahoo.com,,
,,,,Melrose Humane Society,https://melrosehumanesociety.org/,lynnmercier@msn.com,,
,,,,Greyhound Rescue of N.E. ,https://www.greyhoundrescuene.org/,adopt@greyhoundrescuene.org,,
,,,,North Shore Feline Rescue,,nsfr@aol.com,,
,,,"42.15074405333909, -71.55548940661062",The Milford Humane Society,https://milfordhumane.org/,bfcat@aol.com,,
,,,,Pug Rescue of New England,https://pugrescueofnewengland.org/,socialmedia@pugrescueofnewengland.org,,
,,,,Milton Animal League,https://www.miltonanimalleague.org/,info@miltonanimalleague.org,,
,,,,Nantucket Safe Harbor for Animals,https://www.nishanimals.org/,info@nishanimals.org,,
,,,,Stray Pets in Need,https://straypetsinneed.org/,straypetsinneedofmass@gmail.com,,
,,,"41.653778925382056, -70.96014143668428",Lighthouse Animal Shelter,https://lighthouseanimalshelter.org/,paws@lighthouseanimalshelter.org,,
,,,,Rescue Inc.,https://www.rescueinc.dog/,hello@rescueinc.dog,,
,,,,North Attleborough Animal Shelter,https://www.facebook.com/NAShelter/,fcamara@nattleboro.com,,
,,,,Billerica Cat Care Coalition,https://www.billericacatcarecoalition.org/,info@billericacatcarecoalition.org,,
,,,"41.69634424576375, -70.93498774210923",Habitat for Cats-MA,https://habitatforcats.org/,habitatforcats.ma@gmail.com,,
,,,"42.113063753401086, -71.47085204662636","Willy's Kitty Angels Rescue, Inc.",https://willyskittyangels.org/,willyskittyangelsinfo@gmail.com,,
,,,,Bay State Animal Cooperative,https://www.baystateanimals.org/,info@baystateanimals.org,,
,,,,Neponset Valley Humane Society,https://www.neponsethumane.org/,nvhumanesociety@gmail.com,,
,,,"41.45615711762013, -70.57774057167302","Second Chance Animal Rescue, Inc. of Martha's Vineyard",https://www.secondchanceanimalrescuemv.org/,scarofmv@gmail.com,,
,,,,Animal Umbrella,http://www.animalumbrella.org/,annamarietaylor@verizon.net,,
,,,"42.4690461701013, -73.20877584039692",Sonsini Animal Shelter,https://www.sonsinianimalshelter.org/,staff@sonsinianimalshelter.org,,
,,,,Angelcat Haven-Feline Rescue,https://www.angelcathaven.com/,info@angelcathaven.com,,
,,,"42.4325944302652, -71.76396528529966",Neady Cats Corporation,https://neadycats.org/,marilyn@neadycats.org,,
,,,"42.058456249854075, -70.19142110394911",Carrie A. Seaman Animal Shelter,https://www.casasanimalshelter.org/,casas4rescue@comcast.net,,
,,,"42.28925728213067, -71.02522158633367",Quincy Animal Shelter,https://www.quincyanimalshelter.org/,info@quincyanimalshelter.org,,
,,,,Hilltop Humane Society,http://hilltophumane.org/index.html,hilltophumane@gmail.com,,
,,,"41.734084727807414, -70.8107165663034",It's All About the Animals,http://www.itsallabouttheanimals.org/,iaaaadoptions@gmail.com,,
,,,"42.33109444983528, -71.9510281847313",Sweetpea Friends of Rutland Animals,https://www.sweetpeafora.org/,sweetpeafora@verizon.net,,
,,,"42.49876543768977, -70.92863004155355",Northeast Animal Shelter,https://www.northeastanimalshelter.org/,neasinfo@mspca.org,,
,,,,The Odd Cat Sanctuary MA,http://www.theoddcatsanctuary.com/,theoddcatsanctuary@gmail.com,,
,,,"42.84114678630809, -70.86982737289165",Merrimack River Feline Rescue,https://mrfrs.org/,info@mrfrs.org,,
,,,"42.20689872934899, -70.77889018281188",Scituate Animal Shelter of Massachusetts,https://scituateanimalshelter.org/,info@scituateanimalshelter.org,,
,,,,Alliance For Animals,,allianceforanimals@comcast.net,,
,,,"42.29146089640441, -71.29431568540107",Off the Rocks Animal Rescue,https://www.offtherocksrescue.org/,offtherocksrescue@gmail.com,,
,,,"42.44580096195682, -71.75287704645672",Sterling Animal Shelter,https://www.sterlingshelter.org/,staff@sterlingshelter.org,,
,,,"42.0959602277434, -72.07062306995779",Big Hair Dog Training Services,https://www.bighairanimalrescue.com/,bighairanimalrescue@gmail.com,,
,,,"42.36218701159186, -71.3971371104791","Buddy Dog Humane Society, Inc.",https://www.buddydoghs.org/,info@buddydoghs.org,,
,,,"42.36119365852563, -71.43763020730431",Save a Dog,https://www.saveadog.org/,contact@saveadog.org,,
,,,"42.58316382214556, -72.0724665870395",Ahimsa Haven Animal Rescue,http://www.ahimsahaven.org/,info@ahimsahaven.org,,
,,,,"Kitty Angels, Inc. ",https://www.kittyangels.org/,info@kittyangels.org,,
,,,,SANDY PAWS RESCUE INC.,https://www.sandypawsmv.com/,adopt@sandypawsrescue.com,,
,,,,The Cat Connection,https://thecatconnection.org/,info@thecatconnection.org,,
,,,"42.03331559998707, -71.85493277152123",Community Cat Connection,https://thecommunitycatconnection.org/,https://thecommunitycatconnection.org/contact,,
,,,,Reptile & Amphibian Refuge Center,https://sites.google.com/view/rnarc/home,rescue_center@comcast.net,,
,,,,Angels Helping Animals Worldwide ,https://www.angelshelpinganimalsmv.org/,angelshelpinganimalsmv@gmail.com,,
,,,"41.79104542805407, -70.76142473473311",CHAMPs Animal Shelter,https://www.facebook.com/CHAMPSanimalshelter/,lynnlac4@gmail.com,,
,,,"42.14596873675672, -72.69998600352528",Westfield Homeless Cat Project,,westfieldhcp@aol.com,,
,,,,"Forgotten Angels Shelter, Inc.",,info@forgottenangelsshelter.org,,
,,,,MassPAWS,http://masspaws.org/,Masspaws@aol.com,,
,,,,Woburn Feral Cat Coalition,,woburncats@gmail.com,,
,,,,Broken Tail Rescue,https://www.brokentailrescue.org/,info@brokentailrescue.org,,
,,,"42.31031860297811, -71.81973233446918",Worcester Animal Rescue League,https://worcesterarl.org/,info@worcesterarl.org,,
,,,,,,,,
,,MICHIGAN,,,,,,
,,,,"Special Animal Friends and Rescue, Inc.",https://safarianimalrescue.org/,info@safarianimalrescue.org,,
,,,"41.8891497377857, -84.04647755440253",Lenawee Humane Society,https://lenhumanesoc.org/,https://lenhumanesoc.org/contact-us/,,
